Object name,Identifier,Alternate ID,Title,Alternate title(s),Replaces,Replaced by,Description,Creator,Searchable date,Date,Coverage (time period),Time period,Subject,Mississippi county,Geographic location,Resource type,Format,Media format,Language,Language code,Publisher,Contributors,Notes,Rights,Disclaimer,Contributing institution,Collection,Source,Digital repository,Digital collection,File size,File extension,Width,Height,Color space,Date digital,Capture method,Processing software,Master image,Record created by,Hidden notes,Custom searches,IP resolution,Transcript,File name,culture_community,people_ethnolinguistic_group,place_of_creation,place_of_use,materials,technique,object_type,function_use,period_dynasty,provenance,acquisition_context,preferred_term,legacy_title,attribution_confidence,cultural_sensitivity_note,youtubeid,vimeoid,latitude,longitude,format
coll001,LJ-1949-01,,Bamana Ci Wara-Style Antelope Headdress,,,,"This Bamana-style Ci Wara headdress presents an abstracted antelope with sweeping horns, an arched openwork body, and a refined linear silhouette. Associated with Bamana agricultural masquerades in Mali, Ci Wara headdresses honor cultivation, discipline, and the mythic being credited with teaching farming. This example entered the Jackson State University collection through the 1949 donation of Lawrence Jones, inaugural chair of the Department of Art.",,1900,late 19th–early 20th century,late 19th–early 20th century,,,,"Mali, Bamana region",Physical Object,,Object,,,Jackson State University. (electronic version); JSUMS ART. (electronic version),,,IN COPYRIGHT; http://rightsstatements.org/vocab/InC/1.0/,All rights reserved. Reproduction or redistribution requires written permission from Jackson State University.,Jackson State University.,Jackson State University African Art Collection.,JSU Permanent Collection,JSUMS ART.,"African Art, Jackson State University.",1522010,.png,1920,2200,,,,,,,,,,Bamana Ci Wara Headdress. Mali. Carved wood. Late 19th to early 20th century.,JSU_africanart_LJ194901.png,"Bamana-style, attribution probable","Bamana peoples, probable","Mali, Bamana region, probable","Mali, Bamana region, probable","Carved wood, possible pigment or surface patina","Carved, openwork, incised, patinated",Ceremonial headdress / masquerade object / Ci Wara-style crest,"By comparison, associated with agricultural masquerade and Ci Wara performance traditions; exact use not documented",late 19th–early 20th century,,"Collected for educational, research, and exhibition purposes within the Department of Art at Jackson State University.",Ci Wara-style headdress,Ci Wara Headdress,"Moderate to high: visual form and existing metadata support Bamana Ci Wara identification; exact workshop, pair, and performance history are undocumented.",Interpretive caution: keep performance details general unless provenance confirms the object’s local context.,,,17.5707,-3.9962,image/png
coll002,JA-2021-01,,Teke Power Figure (Buti/Biteki Type),,,,"This Teke-style power figure is carved from wood and centers on a prominent abdominal charge, a focal point that gives the figure its visual and spiritual emphasis. Figures of this type, often called buti or biteki, were activated through materials, specialist knowledge, and social use. Its compact scale, frontal stance, and concentrated bundle create an image of contained force.",,1900,late 19th–early 20th century,late 19th–early 20th century,,,,"Congo Basin / Pool Malebo region, Republic of the Congo or Democratic Republic of the Congo",Physical Object,,Object,,,Jackson State University. (electronic version); JSUMS ART. (electronic version),,,IN COPYRIGHT; http://rightsstatements.org/vocab/InC/1.0/,All rights reserved. Reproduction or redistribution requires written permission from Jackson State University.,Jackson State University.,Jackson State University African Art Collection.,JSu Permanent Collection,JSUMS ART.,"African Art, Jackson State University.",1544016,.png,1920,2200,,,,,,,,,,,JSU_africanart_JA202101.png,"Teke-style, attribution probable","Teke peoples, probable","Central Africa, Congo Basin / Pool Malebo region, Republic of the Congo or Democratic Republic of the Congo, possible","Central Africa, Congo Basin / Pool Malebo region, Republic of the Congo or Democratic Republic of the Congo, possible","Carved wood with organic or accumulative ritual materials, possible clay, resin, pigment, and fiber","Carved, charge bundle applied, assembled, patinated",Power figure / buti or biteki-type figure,"Possibly protective, healing, divinatory, or personally significant object; exact use not documented",late 19th–early 20th century,,,Teke buti/biteki-style power figure,Untitled object 2,Moderate: attribution is based on visual comparison with Teke buti/biteki power figures; no object-specific provenance record located.,Interpretive caution: potentially culturally or spiritually sensitive object; avoid identifying contents or owner without object-specific documentation or provenance.,,,-2.8797,23.656,image/png
coll003,JA-2006-01,,Tabwa-Style Face Mask,,,,"This carved wooden face mask has a rounded, helmet-like form with geometric facial divisions, narrow eyes, a small mouth, and a smooth dark surface. The balanced abstraction and segmented planes relate it to Tabwa and neighboring Central African masking traditions. The mask’s quiet symmetry gives the face a composed, reserved presence.",,1900,late 19th–early 20th century,late 19th–early 20th century,,,,Democratic Republic of the Congo,Physical Object,,Object,,,Jackson State University. (electronic version); JSUMS ART. (electronic version),,,IN COPYRIGHT; http://rightsstatements.org/vocab/InC/1.0/,All rights reserved. Reproduction or redistribution requires written permission from Jackson State University.,Jackson State University.,Jackson State University African Art Collection.,JSU permanent collection,JSUMS ART.,"African Art, Jackson State University.",2260369,.png,1920,2200,,,,,,,,,,,JSU_africanart_JA200601.png,"Tabwa-style, attribution uncertain","Tabwa peoples, possible","Democratic Republic of the Congo, possible","Democratic Republic of the Congo, possible","Carved wood, surface patina, possible pigment","Carved, smoothed, patinated",Face mask / masquerade mask,"Possibly masquerade, initiation, or social performance; exact use not documented",late 19th–early 20th century,,,Tabwa-style face mask,,"Moderate: existing title and visual form support Tabwa attribution, but object-specific documentation is limited.",Interpretive caution: keep mask type and performance context qualified.,,,-2.8797,23.656,image/png
coll004,JA-2006-03,,Buffalo-Form Slit Drum,,,,"This wooden slit drum is carved in the form of a buffalo, with a hollowed body, narrow sounding slit, four legs, horns, tail, and animal head. Animal-form slit drums translate sculpture into sound, joining visual representation with communication and performance. The buffalo form emphasizes strength, mass, and alert movement. This work is possibly attributable to the Tabwa.",,1900,late 19th–early 20th century,late 19th–early 20th century,,,,Democratic Republic of the Congo,Physical Object,,Object,,,Jackson State University. (electronic version); JSUMS ART. (electronic version),,,IN COPYRIGHT; http://rightsstatements.org/vocab/InC/1.0/,All rights reserved. Reproduction or redistribution requires written permission from Jackson State University.,Jackson State University.,Jackson State University African Art Collection.,JSU permanent collection,JSUMS ART.,"African Art, Jackson State University.",1138662,.png,1920,2200,,,,,,,,,,,JSU_africanart_JA200603.png,"Central African peoples, possibly Tabwa or Lobala-related, attribution uncertain","Tabwa, Lobala, or related Congolese peoples, possible","Democratic Republic of the Congo, possible","Democratic Republic of the Congo, possible","Carved wood, surface patina","Carved from wood, hollowed slit-drum construction, patinated",Slit drum / zoomorphic drum / buffalo-form drum,"Possibly communication, prestige, ceremonial, or ritual sound instrument; exact use not documented",late 19th–early 20th century,,,buffalo-form slit drum,,Moderate for buffalo-form slit drum; low to moderate for Tabwa attribution because comparable drums occur in multiple Central African traditions.,Interpretive caution: avoid presenting Tabwa attribution as confirmed without object-specific documentation or provenance.,,,-2.8797,23.656,image/png
coll005,JA-2006-02,,Tabwa-Style Buffalo Mask,,,,"This zoomorphic wooden mask represents a buffalo with long curving horns, a broad muzzle, and metal tack decoration across the surface. In Central African visual traditions, buffalo imagery often evokes force, endurance, and authority. The mask’s powerful profile and textured surface create a commanding public presence.",,1890,late 19th century,late 19th century,,,,Democratic Republic of the Congo,Physical Object,,Object,,,Jackson State University. (electronic version); JSUMS ART. (electronic version),,,IN COPYRIGHT; http://rightsstatements.org/vocab/InC/1.0/,All rights reserved. Reproduction or redistribution requires written permission from Jackson State University.,Jackson State University.,Jackson State University African Art Collection.,JSU permanent collection,JSUMS ART.,"African Art, Jackson State University.",1417986,.png,1920,2200,,,,,,,,,,,JSU_africanart_JA200602.png,"Tabwa-style, attribution uncertain","Tabwa peoples, possible","Democratic Republic of the Congo, possible","Democratic Republic of the Congo, possible","Carved wood, metal tacks or studs, surface patina","Carved, studded, patinated",Buffalo mask / zoomorphic mask,"Possibly masquerade, authority, protective, or prestige object; exact use not documented",late 19th century,,,buffalo mask,,"Moderate: title, form, and existing metadata support Tabwa-style attribution; specific context remains uncertain.",Interpretive caution: keep symbolic interpretation broad without object-specific documentation.,,,-2.8797,23.656,image/png
coll006,JA-2006-05,,Songye Kifwebe-Style Mask with Raffia and Feathers,,,,"This Songye-style kifwebe mask is carved with an elongated striated face, projecting mouth, plant-fiber beard, and feather elements. Kifwebe masks are associated with Songye and northern Luba masquerade traditions in the Democratic Republic of the Congo. The rhythmic grooves and projecting facial forms create a sense of disciplined movement and authority.",,1900,late 19th–early 20th century,late 19th–early 20th century,,,,"Democratic Republic of the Congo, Songye region",Physical Object,,Object,,,Jackson State University. (electronic version); JSUMS ART. (electronic version),,,IN COPYRIGHT; http://rightsstatements.org/vocab/InC/1.0/,All rights reserved. Reproduction or redistribution requires written permission from Jackson State University.,Jackson State University.,Jackson State University African Art Collection.,JSU Permanent Collection,JSUMS ART.,"African Art, Jackson State University.",3393138,.png,1920,2200,,,,,,,,,,,JSU_africanart_JA200605.png,"Songye-style, attribution probable","Songye peoples, probable","Democratic Republic of the Congo, Songye region, central/eastern Congo Basin, probable","Democratic Republic of the Congo, Songye region, central/eastern Congo Basin, probable","Carved wood, pigment, plant fiber or raffia, feathers, possible fiber binding","Carved, striated/incised, pigment-applied, fiber and feather attachment",Face mask / kifwebe-style mask,"By comparison, associated with kifwebe masquerade performance; exact use not documented",late 19th–early 20th century,,,Kifwebe-style mask,Untitled object 6,Moderate to high: image and existing metadata correspond closely to Songye kifwebe mask features; male identification is probable but not independently confirmed.,Interpretive caution: keep performance and gender classification qualified without object-specific documentation or provenance.,,,-2.8797,23.656,image/png
coll007,JA-2006-06,,Bembe Ibulu Iya-Style Janus Mask,,,,"This double-faced, or Janus, mask presents two faces joined in a single rounded form, with large circular eye surrounds, red and white pigment, and plant-fiber attachments. The two-sided construction suggests watchfulness, transformation, and the capacity to address multiple directions at once. Its bold color contrasts heighten the mask’s dramatic presence.",,1900,late 19th–early 20th century,late 19th–early 20th century,,,,Democratic Republic of the Congo,Physical Object,,Object,,,Jackson State University. (electronic version); JSUMS ART. (electronic version),,,IN COPYRIGHT; http://rightsstatements.org/vocab/InC/1.0/,All rights reserved. Reproduction or redistribution requires written permission from Jackson State University.,Jackson State University.,Jackson State University African Art Collection.,JSU Permanent Collection,JSUMS ART.,"African Art, Jackson State University.",3878891,.png,1920,2200,,,,,,,,,,,JSU_africanart_JA200606.png,"Bembe-style, attribution uncertain","Bembe peoples, possible","Democratic Republic of the Congo, possible","Democratic Republic of the Congo, possible","Carved wood, plant fiber or raffia, pigment, surface patina","Carved, pigment-applied, fiber attachment, double-faced construction",Janus mask / double-faced mask,"Possibly initiation, healing, social transition, or masquerade context; exact use not documented",late 19th–early 20th century,,,Janus mask,,"Moderate: existing Bembe title and Janus form support attribution, but documentation is incomplete.",Interpretive caution: keep named type and ceremonial or spiritual function tentative without stronger source evidence.,,,-2.8797,23.656,image/png
coll008,JA-2006-10,,Luba Lukasa Memory Board,,,,"This Luba lukasa memory board is carved from wood with raised and incised mnemonic designs and a small seated figure. Lukasa boards were used by initiated members of the Mbudye association as tactile and visual prompts for histories, political knowledge, genealogy, and moral instruction. The object’s patterned surface turns memory into a sculptural field.",,1900,late 19th–early 20th century,late 19th–early 20th century,,,,"Democratic Republic of the Congo, Luba region",Physical Object,,Object,,,Jackson State University. (electronic version); JSUMS ART. (electronic version),,,IN COPYRIGHT; http://rightsstatements.org/vocab/InC/1.0/,All rights reserved. Reproduction or redistribution requires written permission from Jackson State University.,Jackson State University.,Jackson State University African Art Collection.,JSU permanent collection,JSUMS ART.,"African Art, Jackson State University.",1879817,.png,1920,2200,,,,,,,,,,,JSU_africanart_JA200610.png,"Luba peoples, attribution high",Luba peoples,"Democratic Republic of the Congo, Luba region, southeastern/central Congo Basin","Democratic Republic of the Congo, Luba region, southeastern/central Congo Basin","Carved wood, possible pigment or surface patina","Carved, incised, raised mnemonic design, patinated",Memory board / lukasa,"By comparison, mnemonic object associated with Mbudye historical knowledge and instruction; object-specific meaning not documented",late 19th–early 20th century,,,lukasa memory board,Untitled object 8,High for Luba lukasa identification based on image and close museum records; specific encoded meaning and local history are undocumented.,Interpretive caution: avoid interpreting the board’s encoded content without expert/provenance evidence.,,,-2.8797,23.656,image/png
coll009,JA-2006-11,,Baule Female Spirit Spouse Figure (Blolo Bla Style),,,,"This Baule-style standing female figure is identified as a blolo bla, or female spirit-spouse figure. Its upright stance, idealized body, and composed expression suggest an image made for intimate reflection rather than public display. In Baule thought, such figures could embody an otherworldly partner and serve as a point of personal devotion.",,1900,late 19th–early 20th century,late 19th–early 20th century,,,,"Côte d’Ivoire, Baule region",Physical Object,,Object,,,Jackson State University. (electronic version); JSUMS ART. (electronic version),,,IN COPYRIGHT; http://rightsstatements.org/vocab/InC/1.0/,All rights reserved. Reproduction or redistribution requires written permission from Jackson State University.,Jackson State University.,Jackson State University African Art Collection.,JSU permanent collection,JSUMS ART.,"African Art, Jackson State University.",1381882,.png,1920,2200,,,,,,,,,,,JSU_africanart_JA200611.png,"Baule-style, attribution probable","Baule peoples, probable","Cote d’Ivoire, Baule region, probable","Cote d’Ivoire, Baule region, probable","Carved wood, possible pigment or polished surface patina","Carved, smoothed, patinated",Female figure / spirit spouse figure (blolo bla style),"By comparison, personal spirit-spouse figure; individual owner and use not documented",late 19th–early 20th century,,,female spirit spouse figure,Untitled object 9,"Moderate to high: existing metadata and image are consistent with Baule blolo bla figures; individual owner, shrine use, and exact local context are undocumented.","Interpretive caution: avoid claiming a specific owner, shrine practice, or personal history without object-specific documentation or provenance.",,,7.54,-5.5471,image/png
coll010,JA-2006-15,,Songye Kifwebe-Style Mask with Fiber Beard,,,,"This Songye-style kifwebe mask features a tall central crest, narrow eye slits, an elongated striated face, projecting mouth, and plant-fiber beard or costume remnants. The strong linear carving creates a dynamic surface that would have been intensified by movement. Its form belongs to the visual language of kifwebe masquerade in southeastern Central Africa.",,1900,late 19th–early 20th century,late 19th–early 20th century,,,,"Democratic Republic of the Congo, Songye region",Physical Object,,Object,,,Jackson State University. (electronic version); JSUMS ART. (electronic version),,,IN COPYRIGHT; http://rightsstatements.org/vocab/InC/1.0/,All rights reserved. Reproduction or redistribution requires written permission from Jackson State University.,Jackson State University.,Jackson State University African Art Collection.,JSU permanent collection,JSUMS ART.,"African Art, Jackson State University.",2277752,.png,1920,2200,,,,,,,,,,,JSU_africanart_JA200615.png,"Songye-style, attribution probable","Songye peoples, probable","Democratic Republic of the Congo, Songye region, probable","Democratic Republic of the Congo, Songye region, probable","Carved wood, plant fiber or raffia, pigment, surface patina","Carved, incised/striated, pigment-applied, fiber attachment",Face mask / Kifwebe-style mask,"By comparison, associated with kifwebe masquerade performance and social/spiritual authority; exact use not documented",late 19th–early 20th century,,,Kifwebe-style mask,,Moderate to high: title and visual form support Songye Kifwebe identification; exact subgroup/context not confirmed.,Interpretive caution: keep gender classification and performance details qualified without object-specific documentation or provenance.,,,-2.8797,23.656,image/png
coll011,JA-2005-01,,Banda or Kumbaruba-Style Headdress,,,,"This large horizontal banda, or kumbaruba-style, headdress combines human and animal features into a single dramatic form. Associated with the coastal Guinea region, such headdresses often unite facial imagery, elaborate coiffure, and animal references to create a powerful composite being. The long horizontal format gives the object an expansive, processional quality.",,1900,late 19th–early 20th century,late 19th–early 20th century,,,,"Guinea, coastal Guinea region",Physical Object,,Object,,,Jackson State University. (electronic version); JSUMS ART. (electronic version),,,IN COPYRIGHT; http://rightsstatements.org/vocab/InC/1.0/,All rights reserved. Reproduction or redistribution requires written permission from Jackson State University.,Jackson State University.,Jackson State University African Art Collection.,JSU permanent collection,JSUMS ART.,"African Art, Jackson State University.",1075654,.png,1920,2200,,,,,,,,,,,JSU_africanart_JA200501.png,"Baga/Nalu/Landuma coastal Guinea region, attribution uncertain","Baga peoples, Nalu peoples, Landuma peoples, or related peoples, possible","Guinea, coastal Guinea region, possible","Guinea, coastal Guinea region, possible","Carved wood, pigment, plant fiber or raffia, possible surface patina","Carved, openwork, pigment-applied, fiber attachment",Headdress / masquerade headdress / banda or kumbaruba type,"By comparison, associated with masquerade performance; exact group and use not documented",late 19th–early 20th century,,,Banda or Kumbaruba-style headdress,Untitled object 11,"Moderate: image is consistent with banda/kumbaruba headdresses from coastal Guinea; exact Baga, Nalu, Landuma, or neighboring attribution is uncertain.",Interpretive caution: use regional “Banda/Kumbaruba-style” language unless provenance confirms the specific people and performance context.,,,9.9456,-9.6966,image/png
coll012,JA-2006-16,,Songye Kifwebe-Style Mask,,,,"This Songye-style kifwebe mask has a high sagittal crest, angular eyes, projecting features, and deep linear incisions filled with white pigment. The crest and striated face create a forceful vertical emphasis. Kifwebe masks are associated with Songye and Luba-related masquerade traditions in southeastern Democratic Republic of the Congo.",,1950,20th century,20th century,,,,"Democratic Republic of the Congo, Songye region",Physical Object,,Object,,,Jackson State University. (electronic version); JSUMS ART. (electronic version),,,IN COPYRIGHT; http://rightsstatements.org/vocab/InC/1.0/,All rights reserved. Reproduction or redistribution requires written permission from Jackson State University.,Jackson State University.,Jackson State University African Art Collection.,JSU permanent collection,JSUMS ART.,"African Art, Jackson State University.",1522611,.png,1920,2200,,,,,,,,,,,JSU_africanart_JA200616.png,"Songye-style, attribution probable","Songye peoples, probable","Democratic Republic of the Congo, Songye region, probable","Democratic Republic of the Congo, Songye region, probable","Carved wood, pigment, surface patina","Carved, deeply incised/striated, pigment-applied",Face mask / Kifwebe-style mask,"By comparison, associated with kifwebe masquerade performance and social/spiritual authority; exact use not documented",20th century,,,Kifwebe-style mask,,Moderate to high: title and visual form support Songye Kifwebe identification; exact subgroup/context not confirmed.,Interpretive caution: keep male and performance details qualified without object-specific documentation or provenance.,,,-2.8797,23.656,image/png
coll013,JA-2011-09,,Mbete-Kota Style Reliquary Figure,,,,"This standing reliquary figure relates to Mbete or Kota-Mbete sculptural traditions of Gabon and the Republic of the Congo. Its upright body and ancestor-focused form reflect regional practices in which carved figures could accompany reliquary traditions and ancestral remembrance. The figure’s frontal stance gives it a concentrated, guardian-like presence.",,,,,,,,"Gabon or Republic of the Congo, Mbete/Kota region",Physical Object,,Object,,,Jackson State University. (electronic version); JSUMS ART. (electronic version),,,IN COPYRIGHT; http://rightsstatements.org/vocab/InC/1.0/,All rights reserved. Reproduction or redistribution requires written permission from Jackson State University.,Jackson State University.,Jackson State University African Art Collection.,JSU permanent collection,JSUMS ART.,"African Art, Jackson State University.",1090094,.png,1920,2200,,,,,,,,,,,JSU_africanart_JA201109.png,"Mbete or Kota-Mbete style, attribution probable","Mbete peoples / Kota peoples, Mbete group, possible","Gabon or Republic of the Congo, Mbete/Kota border region, possible","Gabon or Republic of the Congo, possible","Carved wood, possible pigment, metal, or shell attachments if present","Carved, patinated; possible assembled or inserted materials",Reliquary figure / ancestor-reliquary sculpture,"By comparison, associated with reliquary or ancestor-related contexts; exact use not documented",,,,reliquary figure,Mbete Reliquary Figure,"Moderate: existing title and comparative museum records support a Mbete/Kota-Mbete reliquary attribution, but object-specific provenance is not confirmed.",Interpretive caution: possible ancestral-reliquary association; avoid claiming direct ceremonial/spiritual use without object-specific documentation or provenance.,,,,,image/png
coll014,JA-2011-01,,Tetela- or Central Congolese-Style Face Mask,,,,"This carved wooden face mask has an elongated oval face, large pierced eye openings, linear facial markings, small projecting ears, and an open mouth with carved teeth. The strong vertical proportions and marked surface create an alert, expressive face. Its form relates to central Congolese masking traditions.",,1950,20th century,20th century,,,,"Democratic Republic of the Congo, central Congo region, Sankuru/Maniema area",Physical Object,,Object,,,Jackson State University. (electronic version); JSUMS ART. (electronic version),,,IN COPYRIGHT; http://rightsstatements.org/vocab/InC/1.0/,All rights reserved. Reproduction or redistribution requires written permission from Jackson State University.,Jackson State University.,Jackson State University African Art Collection.,JSU permanent collection,JSUMS ART.,"African Art, Jackson State University.",2192833,.png,1920,2200,,,,,,,,,,,JSU_africanart_JA201101.png,"Tetela or related Central Congolese group, attribution uncertain","Tetela peoples or related peoples, possible","Democratic Republic of the Congo, central Congo region, possibly Sankuru/Maniema area","Democratic Republic of the Congo, central Congo region, possibly Sankuru/Maniema area","Carved wood, possible pigment or surface patina","Carved, incised, pierced, patinated",Face mask / masquerade mask,"Possibly masquerade, initiation, or social performance; exact use not documented",20th century,,,Central Congolese face mask,Untitled object 14,"Low to moderate: visual features and older metadata support a central Congolese/Tetela-related attribution, but published mask comparanda are limited.",Interpretive caution: keep Tetela attribution tentative without stronger documentary support.,,,-2.8797,23.656,image/png
coll015,JA-2011-02,,Hemba- or Luba-Hemba-Style Male Ancestor Figure,,,,"This standing male figure is carved with elongated proportions, a calm face, closed almond-shaped eyes, patterned beard or jawline band, hands resting at the abdomen, and pronounced genitalia. The posture and restrained expression relate to Hemba and Luba-Hemba ancestor figure traditions. Its composed stance suggests dignity, continuity, and lineage memory.",,1950,20th century,20th century,,,,"Democratic Republic of the Congo, eastern/central Congo region",Physical Object,,Object,,,Jackson State University. (electronic version); JSUMS ART. (electronic version),,,IN COPYRIGHT; http://rightsstatements.org/vocab/InC/1.0/,All rights reserved. Reproduction or redistribution requires written permission from Jackson State University.,Jackson State University.,Jackson State University African Art Collection.,JSU permanent collection,JSUMS ART.,"African Art, Jackson State University.",1595285,.png,1920,2200,,,,,,,,,,,JSU_africanart_JA201102.png,"Hemba or Luba-Hemba-style, attribution probable","Hemba peoples or Luba-Hemba peoples, probable","Democratic Republic of the Congo, eastern/central Congo region, probable","Democratic Republic of the Congo, eastern/central Congo region, probable","Carved wood, possible pigment, oil, or polished surface patina","Carved, smoothed, patinated",Male ancestor figure / standing figure,"By comparison, possibly commemorative ancestor or lineage figure; exact identity and use not documented",20th century,,,male ancestor figure,Untitled object 15,"Moderate: public image and existing metadata align with Hemba/Luba-Hemba male ancestor figures, but exact attribution and lineage context are not confirmed.",Interpretive caution: avoid identifying a specific ancestor or lineage without object-specific documentation or provenance.,,,-2.8797,23.656,image/png
coll016,JA-2011-03,,Curved Horn or Implement with Anthropomorphic Head,,,,This composite object joins a curved horn with a carved anthropomorphic wooden head and collar-like attachment. The pairing of organic form and human imagery gives the object a concentrated ritual or prestige presence. Its small figural finial transforms the horn into a sculptural implement.,,1950,20th century,20th century,,,,"Democratic Republic of the Congo, eastern Congo region",Physical Object,,Object,,,Jackson State University. (electronic version); JSUMS ART. (electronic version),,,IN COPYRIGHT; http://rightsstatements.org/vocab/InC/1.0/,All rights reserved. Reproduction or redistribution requires written permission from Jackson State University.,Jackson State University.,Jackson State University African Art Collection.,JSU permanent collection,JSUMS ART.,"African Art, Jackson State University.",783893,.png,1920,2200,,,,,,,,,,,JSU_africanart_JA201103.png,"Lega or related eastern Central African peoples, attribution uncertain","Lega or related peoples, possible","Democratic Republic of the Congo, eastern Congo region, possible","Democratic Republic of the Congo, eastern Congo region, possible","Animal horn, carved wood, possible pigment, fiber, or binding material","Carved, fitted/assembled, possible binding",Curved horn or implement with anthropomorphic finial,"Possibly prestige, ceremonial, spiritual, therapeutic, or association object; exact use not documented",20th century,,,curved horn or figural implement,Untitled object 16,"Low to moderate: Lega or related eastern Congolese attribution is plausible, but object type and named category are uncertain.",Interpretive caution: avoid identifying contents or ceremonial/spiritual role without object-specific evidence.,,,-2.8797,23.656,image/png
coll017,JA-2011-04 Bembe,,Bembe Emangungu/Eluba-Style Initiation Mask,,,,"This narrow plank-form mask has broad heart-shaped eye fields, small pierced eye openings, a long central lizard carved over the nose, an open mouth, punctate surface details, and traces of dark and reddish-brown pigment. The elongated format gives the face a striking graphic presence. Its form relates to Bembe emangungu or eluba masks associated with initiation contexts.",,1950,20th century,20th century,,,,"Democratic Republic of the Congo, South Kivu Province",Physical Object,,Object,,,Jackson State University. (electronic version); JSUMS ART. (electronic version),,,IN COPYRIGHT; http://rightsstatements.org/vocab/InC/1.0/,All rights reserved. Reproduction or redistribution requires written permission from Jackson State University.,Jackson State University.,Jackson State University African Art Collection.,JSU permanent collection,JSUMS ART.,"African Art, Jackson State University.",1759984,.png,1920,2200,,,,,,,,,,,JSU_africanart_JA201104.png,"Bembe-style, attribution probable","Bembe peoples, probable","Democratic Republic of the Congo, probably South Kivu Province","Democratic Republic of the Congo, probably South Kivu Province","Carved wood, pigment, surface patina","Carved, pierced, incised/punctate decoration, pigment-applied",Face mask / initiation mask,"By comparison, associated with butende or eluba initiation contexts; exact use not documented",20th century,,,emangungu-style initiation mask,Bembe Mask,Moderate: legacy identifier and visual comparison support Bembe emangungu/eluba attribution; no direct collection-specific source located.,Interpretive caution: possible initiation object; keep ceremonial/spiritual details limited to public-source comparisons.,,,-2.8797,23.656,image/png
coll018,JA-2011-05,,Songye-Style Horned Nkishi Power Figure,,,,"This standing anthropomorphic power figure is carved with an elongated torso, bent legs, projecting abdomen, small head, light surface pigment, and a dark horn rising from the crown. The horn draws the eye upward and signals the addition of charged materials. The figure’s concentrated body and assertive silhouette relate to Songye nkisi or nkishi traditions.",,1950,20th century,20th century,,,,"Democratic Republic of the Congo, Songye region",Physical Object,,Object,,,Jackson State University. (electronic version); JSUMS ART. (electronic version),,,IN COPYRIGHT; http://rightsstatements.org/vocab/InC/1.0/,All rights reserved. Reproduction or redistribution requires written permission from Jackson State University.,Jackson State University.,Jackson State University African Art Collection.,JSU Permanent Collection,JSUMS ART.,"African Art, Jackson State University.",1212697,.png,1920,2200,,,,,,,,,,,JSU_africanart_JA201105.png,"Songye-style, attribution probable","Songye peoples, probable","Democratic Republic of the Congo, Songye region, probable","Democratic Republic of the Congo, Songye region, probable","Carved wood, animal horn, pigment or ritual surface accretions","Carved, horn insertion, pigment/accretion, patinated",Power figure / nkishi or nkisi-style ritual figure,"Possibly protective, healing, divinatory, or communal spiritually significant object; exact use not documented",20th century,,,horned nkishi-style power figure,Long Horn Bird Sculpture,"Moderate to high: image strongly matches Songye horned nkishi/nkisi power figures, but attribution is visual and contents are undocumented.",Interpretive caution: potentially culturally or spiritually sensitive object; avoid identifying contents or ceremonial/spiritual role beyond visible evidence and documented comparanda.,,,-2.8797,23.656,image/png
coll019,JA-2011-07,,Bird-Form Figure with Long Beak,,,,"This carved zoomorphic figure represents a bird with a long downward beak, compact body, reduced limbs, and an inlaid shell eye. The simplified form emphasizes the curve of the beak and the alert point of the eye. Bird imagery appears across several eastern and central Congolese traditions, where animal forms often carry layered social and symbolic meaning.",,1950,20th century,20th century,,,,Democratic Republic of the Congo,Physical Object,,Object,,,Jackson State University. (electronic version); JSUMS ART. (electronic version),,,IN COPYRIGHT; http://rightsstatements.org/vocab/InC/1.0/,All rights reserved. Reproduction or redistribution requires written permission from Jackson State University.,Jackson State University.,Jackson State University African Art Collection.,JSU permanent collection,JSUMS ART.,"African Art, Jackson State University.",1757494,.png,1920,2200,,,,,,,,,,,JSU_africanart_JA201107.png,"Eastern Congolese peoples, possibly Lega or Bembe-related, attribution uncertain","Lega, Bembe, or related peoples, possible","Democratic Republic of the Congo, possible","Democratic Republic of the Congo, possible","Carved wood, shell or shell-like eye inlay, surface patina","Carved, inlaid, patinated",Bird-form figure / zoomorphic sculpture,"Possibly symbolic, ceremonial, prestige, or teaching object; exact use not documented",20th century,,,bird-form figure,,"Low: object is clearly bird-form, but Lega/Bembe attribution is broad and lacks a close named public match.",Interpretive caution: keep attribution broad and descriptive until stronger comparanda are available.,,,-2.8797,23.656,image/png
coll020,JA-2011-06,,Kongo- or Yombe-Style Figural Relief Plaque,,,,"This carved wooden plaque presents a human face in relief against a flat trapezoidal backing with suspension holes. The face has half-closed eyes, a prominent nose, and a pursed mouth, giving the plaque a quiet, watchful quality. Its format suggests a hanging relief ornament connected to Kongo or Yombe-related visual traditions.",,1950,20th century,20th century,,,,Democratic Republic of the Congo or Republic of the Congo,Physical Object,,Object,,,Jackson State University. (electronic version); JSUMS ART. (electronic version),,,IN COPYRIGHT; http://rightsstatements.org/vocab/InC/1.0/,All rights reserved. Reproduction or redistribution requires written permission from Jackson State University.,Jackson State University.,Jackson State University African Art Collection.,JSU Permanent Collection,JSUMS ART.,"African Art, Jackson State University.",1953790,.png,1920,2200,,,,,,,,,,,JSU_africanart_JA201106.png,"Kongo or Yombe-style, attribution uncertain","Kongo peoples or Yombe peoples, possible","Democratic Republic of the Congo or Republic of the Congo, possible","Democratic Republic of the Congo or Republic of the Congo, possible","Carved wood, surface patina","Carved relief, pierced/suspension holes, patinated",Figural ornament / relief plaque,"Possibly hanging ornament, architectural element, prestige object, or ritual plaque; exact use not documented",20th century,,,figural relief plaque,,"Low to moderate: Kongo/Yombe attribution is plausible from regional style, but remains visual-comparative.",Interpretive caution: avoid assigning ceremonial/spiritual function without supporting evidence.,,,-2.8797,23.656,image/png
coll021,JA-2011-08,,Kuba-Style Prestige Belt with Beads and Cowries,,,,"This Kuba-style prestige belt is made from a fiber backing densely decorated with glass beads and rows of cowrie shells in red, black, and white geometric patterns. Cowries and beads were valued materials in Kuba courtly and prestige arts. The repeated motifs and rich surface announce status through both pattern and material abundance.",,1950,20th century,20th century,,,,"Democratic Republic of the Congo, Kasai region",Physical Object,,Object,,,Jackson State University. (electronic version); JSUMS ART. (electronic version),,,IN COPYRIGHT; http://rightsstatements.org/vocab/InC/1.0/,All rights reserved. Reproduction or redistribution requires written permission from Jackson State University.,Jackson State University.,Jackson State University African Art Collection.,JSU Permanent Collection,JSUMS ART.,"African Art, Jackson State University.",933756,.png,1920,2200,,,,,,,,,,,JSU_africanart_JA201108.png,"Kuba-style or closely related Kasai-region group, attribution probable","Kuba peoples or related Kasai-region peoples, probable","Democratic Republic of the Congo, Kasai region, probable","Democratic Republic of the Congo, Kasai region, probable","Raffia or other plant fiber, glass beads, cowrie shells, leather, thread","Woven or fiber-backed, beadwork, cowrie shell attachment, stitched",Prestige belt / beaded belt / body adornment,"Prestige regalia or body adornment; exact status, gendered use, and local term not documented",20th century,,,prestige belt,Untitled object 21,"Moderate to high: materials and form closely match published Kuba prestige belts; exact local term, subgroup, and use are not confirmed.",Interpretive caution: avoid identifying a royal owner or precise status use without object-specific documentation or provenance.,,,-2.8797,23.656,image/png
coll022,JA-2011-10,,Luba- or Hemba-Style Figural Personal Ritual Object,,,,"This small ceremonial object combines a simplified human figure finial, a spirally carved cylindrical shaft, and a tapered pointed terminal. Its compact scale suggests an object designed to be held, carried, inserted, or used as a personal implement. The combination of figure and patterned shaft gives the object a refined sculptural presence.",,1950,20th century,20th century,,,,Democratic Republic of the Congo,Physical Object,,Object,,,Jackson State University. (electronic version); JSUMS ART. (electronic version),,,IN COPYRIGHT; http://rightsstatements.org/vocab/InC/1.0/,All rights reserved. Reproduction or redistribution requires written permission from Jackson State University.,Jackson State University.,Jackson State University African Art Collection.,JSU permanent collection,JSUMS ART.,"African Art, Jackson State University.",822655,.png,1920,2200,,,,,,,,,,,JSU_africanart_JA201110.png,"Luba or Hemba-style, attribution uncertain","Luba peoples or Hemba peoples, possible","Democratic Republic of the Congo, possible","Democratic Republic of the Congo, possible","Carved wood, surface patina","Carved, incised spiral shaft, patinated",Small personal ceremonial or spiritually significant object / figural implement,"Possibly personal, ceremonial, prestige, or inserted implement; exact use not documented",20th century,,,figural ceremonial or spiritually significant object,,Low to moderate: Luba/Hemba attribution is plausible but object type and function are not securely documented.,Interpretive caution: avoid naming a specific ritual category without additional evidence.,,,-2.8797,23.656,image/png
coll023,JA-2011-11,,Hemba-Style Kneeling Female Ancestor Figure,,,,"This small kneeling female figure has a large rounded head, closed eyes, elongated neck, pronounced navel, compact body, and polished surface. The raised hands and composed face create a pose of attention or inward focus. Its proportions relate to Hemba and neighboring eastern Congolese figural traditions.",,1950,20th century,20th century,,,,Democratic Republic of the Congo,Physical Object,,Object,,,Jackson State University. (electronic version); JSUMS ART. (electronic version),,,IN COPYRIGHT; http://rightsstatements.org/vocab/InC/1.0/,All rights reserved. Reproduction or redistribution requires written permission from Jackson State University.,Jackson State University.,Jackson State University African Art Collection.,JSU permanent collection,JSUMS ART.,"African Art, Jackson State University.",1209351,.png,1920,2200,,,,,,,,,,,JSU_africanart_JA201111.png,"Hemba-style, attribution uncertain","Hemba peoples, possible","Democratic Republic of the Congo, possible","Democratic Republic of the Congo, possible","Carved wood, surface patina","Carved, smoothed, patinated",Kneeling female figure / possible ancestor figure,"Possibly ancestor, lineage, fertility, or prestige figure; exact use not documented",20th century,,,kneeling female figure,,"Moderate: existing title and Hemba-style attribution are plausible, but object-specific support is limited.",Interpretive caution: avoid identifying a specific ancestor or lineage context without object-specific documentation or provenance.,,,-2.8797,23.656,image/png
coll024,JA-2011-12,,Bembe-Style Face Mask with Large White Eye Fields,,,,"This small face mask has an elongated oval form, large circular white eye fields surrounding dark pierced pupils, a compact mouth opening, and subtle asymmetry. The mask faetures a carved lizard on the right hand side. The intense eye treatment gives the mask a striking, alert expression. Its scale and facial emphasis relate to Bembe masking traditions from the Democratic Republic of the Congo.",,1950,20th century,20th century,,,,Democratic Republic of the Congo,Physical Object,,Object,,,Jackson State University. (electronic version); JSUMS ART. (electronic version),,,IN COPYRIGHT; http://rightsstatements.org/vocab/InC/1.0/,All rights reserved. Reproduction or redistribution requires written permission from Jackson State University.,Jackson State University.,Jackson State University African Art Collection.,JSU permanent collection,JSUMS ART.,"African Art, Jackson State University.",1888878,.png,1920,2200,,,,,,,,,,,JSU_africanart_JA201112.png,"Bembe-style, attribution uncertain","Bembe peoples, possible","Democratic Republic of the Congo, possible","Democratic Republic of the Congo, possible","Carved wood, pigment, surface patina","Carved, pierced, pigment-applied",Face mask / masquerade mask,"Possibly initiation, masquerade, or spirit-related performance; exact use not documented",20th century,,,Bembe-style face mask,,"Moderate: title and visual features support Bembe-style identification, but specific mask type is not confirmed.",Interpretive caution: keep initiation or spirit-function language qualified without object-specific documentation.,,,-2.8797,23.656,image/png
coll025,JA-2011-14,,Double-Headed Zoomorphic Figure,,,,"This horizontal zoomorphic object has an elongated central body with simplified animal heads at both ends. Its compact, abstracted form reduces the animal body to a strong linear silhouette. The restrained carving emphasizes balance, repetition, and the sculptural rhythm of paired forms.",,1950,20th century,20th century,,,,Democratic Republic of the Congo,Physical Object,,Object,,,Jackson State University. (electronic version); JSUMS ART. (electronic version),,,IN COPYRIGHT; http://rightsstatements.org/vocab/InC/1.0/,All rights reserved. Reproduction or redistribution requires written permission from Jackson State University.,Jackson State University.,Jackson State University African Art Collection.,JSU permanent collection,JSUMS ART.,"African Art, Jackson State University.",1278287,.png,1920,2200,,,,,,,,,,,JSU_africanart_JA201114.png,"Tabwa or related southeastern Congolese group, attribution uncertain","Tabwa peoples or related peoples, possible","Democratic Republic of the Congo, possible","Democratic Republic of the Congo, possible","Carved wood, surface patina","Carved, smoothed, patinated",Zoomorphic sculpture / double-headed animal figure,"Possibly symbolic, ceremonial, prestige, or decorative object; exact use not documented",20th century,,,double-headed zoomorphic figure,Double headed animal sculpture,Low to moderate: Tabwa or related southeastern Congolese attribution is plausible but uncertain.,Interpretive caution: keep cultural and functional attribution broad without stronger evidence.,,,-2.8797,23.656,image/png
coll026,JA-2011-13,,Songye Nkishi-Style Power Figure,,,,"This Songye-style nkisi or nkishi power figure is carved with a faceted mask-like head, metal studs, fiber bindings around the torso, and bifurcated legs. Added materials and bindings focus attention on the figure as an assembled and activated object. Its angular face and compact stance create an image of condensed power.",,1950,20th century,20th century,,,,"Democratic Republic of the Congo, Songye region",Physical Object,,Object,,,Jackson State University. (electronic version); JSUMS ART. (electronic version),,,IN COPYRIGHT; http://rightsstatements.org/vocab/InC/1.0/,All rights reserved. Reproduction or redistribution requires written permission from Jackson State University.,Jackson State University.,Jackson State University African Art Collection.,JSU permanent collection,JSUMS ART.,"African Art, Jackson State University.",1410097,.png,1920,2200,,,,,,,,,,,JSU_africanart_JA201113.png,"Songye-style, attribution probable","Songye peoples, probable","Democratic Republic of the Congo, Songye region, central/eastern Congo Basin, probable","Democratic Republic of the Congo, Songye region, central/eastern Congo Basin, probable","Carved wood, metal, plant fiber or cord, possible pigment and composite materials","Carved, studded, bound, assembled, patinated",Power figure / nkisi or nkishi-style figure,"Possibly protective, healing, divinatory, or communally significant object; exact use not documented",20th century,,,nkishi-style power figure,Untitled object 26,"High for Songye power figure type based on visual features and close museum parallels; exact subgroup, contents, and history of use are undocumented.",Interpretive caution: potentially culturally or spiritually sensitive object; avoid identifying contents or history of use beyond visible evidence and documented comparanda.,,,-2.8797,23.656,image/png
coll027,JA-2011-15,,Luba-Style Female Bust or Figural Finial,,,,"This small figural finial depicts a female bust with a rounded head, half-lidded eyes, facial markings, elongated neck, and a cylindrical torso carved with geometric motifs. The refined face and patterned body relate to Luba-style figural finials and prestige objects. Its compact form suggests that it may once have belonged to a larger object.",,1950,20th century,20th century,,,,Democratic Republic of the Congo,Physical Object,,Object,,,Jackson State University. (electronic version); JSUMS ART. (electronic version),,,IN COPYRIGHT; http://rightsstatements.org/vocab/InC/1.0/,All rights reserved. Reproduction or redistribution requires written permission from Jackson State University.,Jackson State University.,Jackson State University African Art Collection.,JSU permanent collection,JSUMS ART.,"African Art, Jackson State University.",1421178,.png,1920,2200,,,,,,,,,,,JSU_africanart_JA201115.png,"Luba-style, attribution uncertain","Luba peoples, possible","Democratic Republic of the Congo, possible","Democratic Republic of the Congo, possible","Carved wood, surface patina","Carved, incised, patinated",Female bust / figural finial or fragment,"Possibly finial, figure fragment, staff element, or prestige object; exact use not documented",20th century,,,female bust or finial,,Moderate: existing Luba attribution and figural style are plausible but not object-specifically documented.,Interpretive caution: avoid assigning original function without more evidence.,,,-2.8797,23.656,image/png
coll028,JA-2011-16,,Luba-Style Figural Divination Rattle,,,,"This Luba-style divination rattle is carved with a female figure finial above stacked pierced spherical chambers that likely held sound-producing materials. In Luba visual culture, female imagery is closely associated with memory, authority, and spirit mediation. The object joins sound, handling, and figural sculpture in a single ritual form.",,1950,20th century,20th century,,,,"Democratic Republic of the Congo, Luba region",Physical Object,,Object,,,Jackson State University. (electronic version); JSUMS ART. (electronic version),,,IN COPYRIGHT; http://rightsstatements.org/vocab/InC/1.0/,All rights reserved. Reproduction or redistribution requires written permission from Jackson State University.,Jackson State University.,Jackson State University African Art Collection.,JSU permanent collection,JSUMS ART.,"African Art, Jackson State University.",938208,.png,1920,2200,,,,,,,,,,,JSU_africanart_JA201116.png,"Luba-style, attribution probable","Luba peoples, probable","Democratic Republic of the Congo, Luba region, probable","Democratic Republic of the Congo, Luba region, probable","Carved wood, possible seeds, pellets, or internal rattle elements","Carved, pierced or hollowed rattle chambers, patinated",Divination rattle / ritual sound instrument,"Possibly divination, healing, or ritual consultation sound instrument; exact use not documented",20th century,,,figural divination rattle,Untitled object 28,"Moderate: existing metadata and form align with Luba divination tools and figural rattles, but specific local name and ceremonial/spiritual context are not confirmed.",Interpretive caution: avoid identifying contents or practitioner context beyond visible evidence and documented comparanda.,,,-2.8797,23.656,image/png
coll029,JA-2011-17,,Luba-Style Sculptural Head or Figure Fragment,,,,"This carved sculptural head has an elongated oval face, gently arched eyelids, defined nose and mouth, linear facial markings, pointed coiffure, and short cylindrical base. The refined modeling and composed expression relate to Luba figural sculpture. Its format suggests a fragment, finial, or independent sculptural head.",,1950,20th century,20th century,,,,Democratic Republic of the Congo,Physical Object,,Object,,,Jackson State University. (electronic version); JSUMS ART. (electronic version),,,IN COPYRIGHT; http://rightsstatements.org/vocab/InC/1.0/,All rights reserved. Reproduction or redistribution requires written permission from Jackson State University.,Jackson State University.,Jackson State University African Art Collection.,JSU permanent collection,JSUMS ART.,"African Art, Jackson State University.",2150453,.png,1920,2200,,,,,,,,,,,JSU_africanart_JA201117.png,"Luba-style, attribution uncertain","Luba peoples, possible","Democratic Republic of the Congo, possible","Democratic Republic of the Congo, possible","Carved wood, surface patina","Carved, incised, patinated",Sculptural head / figure fragment or finial,"Possibly figure fragment, finial, or sculptural object; exact use not documented",20th century,,,sculptural head,,Moderate: existing Luba attribution is plausible but not fully documented.,Interpretive caution: avoid assigning original object type without additional views or provenance.,,,-2.8797,23.656,image/png
coll030,JA-2011-19,,Lega-Style Bearded Mask with Raffia,,,,"This carved face mask presents an elongated oval face with downcast almond-shaped eyes, a straight nose, small mouth, light pigment traces, substantial raffia beard, and suspension loop. The beard and pale surface details give the mask both texture and depth. Its restrained expression relates to Lega and Lega-related Central African mask traditions.",,1950,20th century,20th century,,,,Democratic Republic of the Congo,Physical Object,,Object,,,Jackson State University. (electronic version); JSUMS ART. (electronic version),,,IN COPYRIGHT; http://rightsstatements.org/vocab/InC/1.0/,All rights reserved. Reproduction or redistribution requires written permission from Jackson State University.,Jackson State University.,Jackson State University African Art Collection.,JSU permanent collection,JSUMS ART.,"African Art, Jackson State University.",3041403,.png,1920,2200,,,,,,,,,,,JSU_africanart_JA201119.png,"Lega-style or related Central African, attribution uncertain","Lega peoples or related peoples, possible","Democratic Republic of the Congo, possible","Democratic Republic of the Congo, possible","Carved wood, pigment, raffia or plant fiber, surface patina","Carved, pigment-applied, fiber attachment",Face mask / bearded mask,"Possibly association, initiation, or masquerade object; exact use not documented",20th century,,,bearded mask,,Moderate: existing Lega attribution and mask form are plausible; specific use remains uncertain.,Interpretive caution: keep attribution and function qualified without stronger source evidence.,,,-2.8797,23.656,image/png
coll031,JA-2011-20,,Luba-Style Anthropomorphic Headrest,,,,"This sculpted wooden headrest is formed by two kneeling figures facing one another and supporting a curved horizontal neck rest. The carefully modeled heads, elongated bodies, and balanced composition relate to Luba prestige supports. Such headrests protected elaborate hairstyles while also functioning as sculptural signs of status and refinement.",,1950,20th century,20th century,,,,"Democratic Republic of the Congo, Luba region",Physical Object,,Object,,,Jackson State University. (electronic version); JSUMS ART. (electronic version),,,IN COPYRIGHT; http://rightsstatements.org/vocab/InC/1.0/,All rights reserved. Reproduction or redistribution requires written permission from Jackson State University.,Jackson State University.,Jackson State University African Art Collection.,JSU permanent collection,JSUMS ART.,"African Art, Jackson State University.",2011371,.png,1920,2200,,,,,,,,,,,JSU_africanart_JA201120.png,"Luba-style, attribution probable","Luba peoples, probable","Democratic Republic of the Congo, Luba region, probable","Democratic Republic of the Congo, Luba region, probable","Carved wood, surface patina","Carved, openwork, smoothed, patinated",Headrest / anthropomorphic headrest,"Possibly headrest, prestige support, or personal object; exact use not documented",20th century,,,anthropomorphic headrest,,Moderate: existing Luba attribution and headrest form are plausible; owner and use are undocumented.,Interpretive caution: avoid inferring owner status or ceremonial/spiritual role without object-specific documentation or provenance.,,,-2.8797,23.656,image/png
coll032,JA-2011-21,,Songye-Style Anthropomorphic Power Figure,,,,"This small freestanding power figure has a compact mask-like head with a short sagittal crest, arched brows, closed eyes, ringed neck, and columnar body carved with diamond and linear motifs. Its geometric surface and frontal stance relate to Songye power-figure traditions. The figure’s small scale concentrates its visual force.",,1950,20th century,20th century,,,,"Democratic Republic of the Congo, Songye region",Physical Object,,Object,,,Jackson State University. (electronic version); JSUMS ART. (electronic version),,,IN COPYRIGHT; http://rightsstatements.org/vocab/InC/1.0/,All rights reserved. Reproduction or redistribution requires written permission from Jackson State University.,Jackson State University.,Jackson State University African Art Collection.,JSU permanent collection,JSUMS ART.,"African Art, Jackson State University.",1541471,.png,1920,2200,,,,,,,,,,,JSU_africanart_JA201121.png,"Songye-style, attribution uncertain","Songye peoples, possible","Democratic Republic of the Congo, Songye region, possible","Democratic Republic of the Congo, Songye region, possible","Carved wood, surface patina","Carved, incised, patinated",Power figure / anthropomorphic ritual figure,"Possibly protective, healing, or ritual power figure; exact use and contents not documented",20th century,,,anthropomorphic power figure,,"Moderate: Songye attribution and power-figure form are plausible, but contents and exact function are not documented.",Interpretive caution: potentially culturally or spiritually sensitive object; avoid identifying contents beyond visible evidence and documented comparanda.,,,-2.8797,23.656,image/png
coll033,JA-2011-22,,Luba-Style Maternity Figure,,,,"This small figural group shows a seated adult supporting or nursing a child. Rounded volumes, a textured coiffure or cap, compact limbs, and an integrated base emphasize closeness and care. The subject evokes continuity, nurture, and lineage within a Luba or related Central African sculptural idiom.",,1950,20th century,20th century,,,,Democratic Republic of the Congo,Physical Object,,Object,,,Jackson State University. (electronic version); JSUMS ART. (electronic version),,,IN COPYRIGHT; http://rightsstatements.org/vocab/InC/1.0/,All rights reserved. Reproduction or redistribution requires written permission from Jackson State University.,Jackson State University.,Jackson State University African Art Collection.,JSU permanent collection,JSUMS ART.,"African Art, Jackson State University.",2373227,.png,1920,2200,,,,,,,,,,,JSU_africanart_JA201122.png,"Luba-style, attribution uncertain","Luba peoples or related Central African peoples, possible","Democratic Republic of the Congo, possible","Democratic Republic of the Congo, possible","Carved wood, surface patina","Carved, patinated",Maternity figure / mother-and-child sculpture,"Possibly lineage, fertility-related, ancestral, or protective imagery; exact use not documented",20th century,,,maternity figure,,"Moderate: existing Luba attribution and maternity form are plausible, but object-specific support is limited.",Interpretive caution: avoid assigning ceremonial/spiritual function without object-specific documentation or provenance.,,,-2.8797,23.656,image/png
coll034,JA-2012-01,,Pende Mbuya-Style Face Mask,,,,"This Pende mbuya-style face mask has an oval form, narrow horizontal eye slits, an open mouth with carved teeth, red, white, and black pigment, and evidence of fiber attachments. Mbuya masks are associated with public masquerade and named characters. The mask’s color contrasts and tooth-baring mouth create a lively, theatrical presence.",,1950,20th century,20th century,,,,"Democratic Republic of the Congo, Kwilu/Kwango or Kasai region",Physical Object,,Object,,,Jackson State University. (electronic version); JSUMS ART. (electronic version),,,IN COPYRIGHT; http://rightsstatements.org/vocab/InC/1.0/,All rights reserved. Reproduction or redistribution requires written permission from Jackson State University.,Jackson State University.,Jackson State University African Art Collection.,JSU permanent collection,JSUMS ART.,"African Art, Jackson State University.",3423621,.png,1920,2200,,,,,,,,,,,JSU_africanart_JA201201.png,"Pende-style, attribution probable","Pende peoples, probable","Democratic Republic of the Congo, Kwilu/Kwango or Kasai region, probable","Democratic Republic of the Congo, Kwilu/Kwango or Kasai region, probable","Carved wood, pigment, plant fiber or raffia, possible cloth or fiber attachments","Carved, pierced, pigment-applied, fiber attachment",Face mask / mbuya-style mask,"By comparison, associated with public masquerade performance; exact character and use not documented",20th century,,,Pende mbuya-style mask,Untitled object 34,High for Pende mbuya mask type based on visual features and close comparison with museum examples; exact character type and local origin are undocumented.,Interpretive caution: avoid assigning a specific character name without object-specific evidence.,,,-2.8797,23.656,image/png
coll035,JA-2012-02,,Lega-Style Bearded Face Mask,,,,"This carved wooden face mask has a rounded cranial form, narrow horizontal eye slits, a slightly open mouth with carved teeth, incised forehead motifs, and remnants of fur and fiber attachments. The face combines restraint with force, while the attached materials add texture and movement. Its form relates to Lega or Lega-related masking traditions.",,1950,20th century,20th century,,,,Democratic Republic of the Congo,Physical Object,,Object,,,Jackson State University. (electronic version); JSUMS ART. (electronic version),,,IN COPYRIGHT; http://rightsstatements.org/vocab/InC/1.0/,All rights reserved. Reproduction or redistribution requires written permission from Jackson State University.,Jackson State University.,Jackson State University African Art Collection.,JSU permanent collection,JSUMS ART.,"African Art, Jackson State University.",2539841,.png,1920,2200,,,,,,,,,,,JSU_africanart_JA201202.png,"Lega-style or related Central African, attribution uncertain","Lega peoples or related peoples, possible","Democratic Republic of the Congo, possible","Democratic Republic of the Congo, possible","Carved wood, pigment, fur, fiber, surface patina","Carved, incised, pigment-applied, fiber/fur attachment",Face mask / bearded mask,"Possibly association, initiation, or masquerade object; exact use not documented",20th century,,,bearded face mask,,"Moderate: existing Lega attribution and visible mask form are plausible, but specific use remains uncertain.",Interpretive caution: keep Lega attribution qualified unless further documentation confirms the type.,,,-2.8797,23.656,image/png
coll036,JA-2012-04,,Luba-Style Face Mask,,,,"This Luba-style face mask has an elongated oval form, smooth convex facial planes, narrow horizontal eye slits, a small slightly open mouth, and a softly incised coiffure band. The calm expression and balanced surface create an idealized face. Its quiet refinement relates to Luba approaches to beauty, composure, and social authority.",,1950,20th century,20th century,,,,"Democratic Republic of the Congo, Luba region",Physical Object,,Object,,,Jackson State University. (electronic version); JSUMS ART. (electronic version),,,IN COPYRIGHT; http://rightsstatements.org/vocab/InC/1.0/,All rights reserved. Reproduction or redistribution requires written permission from Jackson State University.,Jackson State University.,Jackson State University African Art Collection.,JSU Permanent Collection,JSUMS ART.,"African Art, Jackson State University.",2920491,.png,1920,2200,,,,,,,,,,,JSU_africanart_JA201204.png,"Luba-style, attribution uncertain","Luba peoples, possible","Democratic Republic of the Congo, Luba region, possible","Democratic Republic of the Congo, Luba region, possible","Carved wood, traces of pigment, possible surface patina","Carved, incised, pigment-applied, patinated",Face mask / masquerade mask,Possibly masquerade or association object; exact use not documented,20th century,,,Luba-style face mask,Untitled object 36,"Moderate: visual features support a Luba-style mask attribution, but named type and performance context are not confirmed.",Interpretive caution: avoid assigning a named mask type or spiritual context without object-specific documentation or provenance.,,,-2.8797,23.656,image/png
coll037,JA-2012-03,,Ituri-Region Style Face Mask,,,,"This light-colored face mask is coated with kaolin and modeled with a soft oval face, arched brow ridge, small pierced eyes, narrow straight nose, and restrained mouth. The pale surface gives the mask a luminous, reserved presence. Its form relates to Ituri-region masks associated with Mbuti, Ndaka, and neighboring northeastern Congolese peoples.",,1900,Early 20th century,Early 20th century,,,,"Ituri Rainforest region, northeastern Democratic Republic of the Congo",Physical Object,,Object,,,Jackson State University. (electronic version); JSUMS ART. (electronic version),,,IN COPYRIGHT; http://rightsstatements.org/vocab/InC/1.0/,All rights reserved. Reproduction or redistribution requires written permission from Jackson State University.,Jackson State University.,Jackson State University African Art Collection.,JSU permanent collection,JSUMS ART.,"African Art, Jackson State University.",3538559,.png,1920,2200,,,,,,,,,,,JSU_africanart_JA201203.png,"Ituri-region peoples, possibly Mbuti or Ndaka, attribution uncertain","Mbuti, Ndaka, or neighboring peoples, possible","Ituri Rainforest region, northeastern Democratic Republic of the Congo, possible","Ituri Rainforest region, northeastern Democratic Republic of the Congo, possible","Carved wood, kaolin or white clay pigment, surface patina","Carved, pierced, pigment-applied",Face mask / Ituri-region mask,Possibly masquerade or association object; exact use not documented,20th century,,,Ituri-region face mask,,Low to moderate: Mbuti/Ndaka or Ituri-region attribution is plausible but uncertain from available evidence.,Interpretive caution: keep people attribution qualified because Ituri-region mask attributions can overlap among neighboring groups.,,,-2.8797,23.656,image/png
coll038,JA-2012-10,,Lega Lukwakongo-Style Mask with Fiber Beard,,,,"This Lega lukwakongo-style mask has an oval, softly contoured face, narrow horizontal eye slits, subtle brow ridge, small mouth, weathered light-brown surface, and attached fiber beard. Lukwakongo masks are associated with Bwami initiation and instruction. The mask’s reduced features create a quiet but memorable image.",,1950,20th century,20th century,,,,"Democratic Republic of the Congo, eastern Congo region",Physical Object,,Object,,,Jackson State University. (electronic version); JSUMS ART. (electronic version),,,IN COPYRIGHT; http://rightsstatements.org/vocab/InC/1.0/,All rights reserved. Reproduction or redistribution requires written permission from Jackson State University.,Jackson State University.,Jackson State University African Art Collection.,JSU permanent collection,JSUMS ART.,"African Art, Jackson State University.",3767478,.png,1920,2200,,,,,,,,,,,JSU_africanart_JA201210.png,"Lega-style, likely Lega peoples","Lega peoples, probable","Democratic Republic of the Congo, eastern Congo region, probable","Democratic Republic of the Congo, eastern Congo region, probable","Carved wood, plant fiber or raffia/liana fiber, possible kaolin, pigment, or surface patina","Carved, pierced, pigment-applied, fiber attachment",Mask / lukwakongo-style mask / Bwami association object,"By comparison, associated with Bwami initiation and rank instruction; exact meaning not documented",20th century,,,Lega lukwakongo mask,Untitled object 38,"High for Lega lukwakongo-type mask based on visual features and close museum parallels; specific Bwami grade, owner, and context are undocumented.",Interpretive caution: possible initiation-society or association object; describe respectfully and avoid unsupported restricted meanings.,,,-2.8797,23.656,image/png
coll039,JA-2012-08,,Lega Lukwakongo-Style Maskette,,,,"This small Lega maskette, likely of the lukwakongo type, has a softly modeled rounded-rectangular face, narrow horizontal eye slits, a short projecting nose, small mouth, dotted and linear facial markings, and traces of light pigment. Its compact scale suggests intimate handling within Bwami-associated contexts. The surface markings animate the otherwise restrained face.",,1950,20th century,20th century,,,,"Democratic Republic of the Congo, eastern Congo region",Physical Object,,Object,,,Jackson State University. (electronic version); JSUMS ART. (electronic version),,,IN COPYRIGHT; http://rightsstatements.org/vocab/InC/1.0/,All rights reserved. Reproduction or redistribution requires written permission from Jackson State University.,Jackson State University.,Jackson State University African Art Collection.,JSU permanent collection,JSUMS ART.,"African Art, Jackson State University.",4094645,.png,1920,2200,,,,,,,,,,,JSU_africanart_JA201208.png,"Lega-style, likely Lega peoples","Lega peoples, probable","Democratic Republic of the Congo, eastern Congo region, probable","Democratic Republic of the Congo, eastern Congo region, probable","Carved wood, pigment or kaolin traces, possible surface patina","Carved, incised, pierced, pigment-applied, patinated",Maskette / lukwakongo-style mask / Bwami association object,"By comparison, associated with Bwami initiation and rank instruction; exact meaning not documented",20th century,,,Lega maskette,Untitled object 39,"High for Lega lukwakongo-type maskette based on visual features and museum parallels; specific grade, owner, and teaching meaning are undocumented.",Interpretive caution: possible initiation-society or association object; avoid unsupported restricted meanings.,,,-2.8797,23.656,image/png
coll040,JA-2012-12,,Lwalwa Mfondo-Style Face Mask,,,,"This Lwalwa, or Lwalu, Mfondo-style face mask has an elongated oval form, narrow horizontal eye slits, a small projecting nose, sharply divided red, black, and natural wood-toned pigment, and a V-shaped forehead motif. The angular planes and bold color fields create a highly graphic face. Its form relates closely to Lwalwa/Lwalu masking traditions.",,1950,20th century,20th century,,,,"Democratic Republic of the Congo, Kasai region or southern DRC/Angola border region",Physical Object,,Object,,,Jackson State University. (electronic version); JSUMS ART. (electronic version),,,IN COPYRIGHT; http://rightsstatements.org/vocab/InC/1.0/,All rights reserved. Reproduction or redistribution requires written permission from Jackson State University.,Jackson State University.,Jackson State University African Art Collection.,JSU permanent collection,JSUMS ART.,"African Art, Jackson State University.",2607604,.png,1920,2200,,,,,,,,,,,JSU_africanart_JA201212.png,"Lwalwa or Lwalu-style, attribution probable","Lwalwa/Lwalu peoples, probable","Democratic Republic of the Congo, Kasai region or southern DRC/Angola border region, probable","Democratic Republic of the Congo or Angola border region, probable","Carved wood, pigment, possible surface patina","Carved, incised, pigment-applied, patinated",Face mask / Mfondo-type mask,"By comparison, associated with masquerade and initiation/hunting-spirit contexts; exact use not documented",20th century,,,Mfondo-style face mask,Untitled object 40,"Moderate to high: visual form closely matches Lwalwa/Lwalu mask records, including Mfondo examples; exact local name and performance context are not confirmed.",Interpretive caution: keep performance context qualified without object-specific provenance.,,,-2.8797,23.656,image/png
coll041,JA-2012-15,,Lega Bwami-Style Standing Figure,,,,"This small Lega-style standing figure has an elongated head, pierced eyes, facial perforations, a ridged cylindrical torso, simplified limbs, and a worn surface. Its compact scale and abstracted body relate to Lega objects used within Bwami association contexts. The perforated features and reduced form give the figure a quiet, concentrated presence.",,1900,19th–20th century,19th–20th century,,,,"Democratic Republic of the Congo, eastern Congo region",Physical Object,,Object,,,Jackson State University. (electronic version); JSUMS ART. (electronic version),,,IN COPYRIGHT; http://rightsstatements.org/vocab/InC/1.0/,All rights reserved. Reproduction or redistribution requires written permission from Jackson State University.,Jackson State University.,Jackson State University African Art Collection.,JSU permanent collection,JSUMS ART.,"African Art, Jackson State University.",2030126,.png,1920,2200,,,,,,,,,,,JSU_africanart_JA201215.png,"Lega-style, attribution probable","Lega peoples, probable","Democratic Republic of the Congo, eastern Congo region, probable","Democratic Republic of the Congo, eastern Congo region, probable","Carved wood, possible pigment or surface patina","Carved, drilled/perforated, incised, patinated",Standing figure / Bwami association object,"By comparison, associated with Bwami initiation, rank, and moral instruction; exact meaning not documented",19th–20th century,,,Lega Bwami-style figure,Untitled object 41,Moderate to high: visual features fit Lega Bwami figure traditions; exact figural category such as iginga or katanda is not confirmed.,Interpretive caution: possible initiation-society or association object; avoid unsupported restricted meanings.,,,-2.8797,23.656,image/png
coll042,JA-2012-16,,Lega Bwami-Style Figure with Raised Arms,,,,"This small Lega-style standing figure raises both arms beside an elongated oval head and schematic body. Numerous drilled perforations across the face and torso animate the surface and draw attention to the figure's frontal pose. The raised arms and compact body relate to Lega Bwami-associated figural traditions, including katanda-related forms.",,1950,20th century,20th century,,,,"Democratic Republic of the Congo, eastern Congo region",Physical Object,,Object,,,Jackson State University. (electronic version); JSUMS ART. (electronic version),,,IN COPYRIGHT; http://rightsstatements.org/vocab/InC/1.0/,All rights reserved. Reproduction or redistribution requires written permission from Jackson State University.,Jackson State University.,Jackson State University African Art Collection.,JSU permanent collection,JSUMS ART.,"African Art, Jackson State University.",2425860,.png,1920,2200,,,,,,,,,,,JSU_africanart_JA201216.png,"Lega-style, attribution probable","Lega peoples, probable","Democratic Republic of the Congo, eastern Congo region, probable","Democratic Republic of the Congo, eastern Congo region, probable","Carved wood, possible pigment or surface patina","Carved, drilled/perforated, patinated",Standing figure / Bwami association object,"By comparison, associated with Bwami initiation, rank, and moral instruction; exact meaning not documented",20th century,,,Lega Bwami-style figure,Untitled object 42,Moderate to high: visual features match Lega Bwami figure traditions; raised arms suggest katanda-related forms but exact category is not confirmed.,Interpretive caution: possible initiation-society or association object; avoid unsupported details of restricted meaning.,,,-2.8797,23.656,image/png
coll043,JA-2012-17,,Hemba-Style Standing Ancestor Figure (Singiti Type),,,,"This small Hemba-style standing figure has bent legs, a forward-leaning posture, elongated head, downcast almond-shaped eyes, narrow nose, and traces of red and light pigment. Hemba ancestor figures, often called singiti, are associated with lineage commemoration and ancestral presence. The figure's modest scale and contemplative expression give it a reserved dignity.",,1950,20th century,20th century,,,,"Democratic Republic of the Congo, Hemba region",Physical Object,,Object,,,Jackson State University. (electronic version); JSUMS ART. (electronic version),,,IN COPYRIGHT; http://rightsstatements.org/vocab/InC/1.0/,All rights reserved. Reproduction or redistribution requires written permission from Jackson State University.,Jackson State University.,Jackson State University African Art Collection.,JSU permanent collection,JSUMS ART.,"African Art, Jackson State University.",2322567,.png,1920,2200,,,,,,,,,,,JSU_africanart_JA201217.png,"Hemba-style, attribution probable","Hemba peoples, probable","Democratic Republic of the Congo, Hemba region, probable","Democratic Republic of the Congo, Hemba region, probable","Carved wood, pigment, possible surface patina","Carved, pigment-applied, patinated",Ancestor figure / standing figure,"By comparison, possibly commemorative ancestor or lineage figure; exact identity and use not documented",20th century,,,standing ancestor figure,Untitled object 43,Moderate to high: visual features correspond to Hemba ancestor-figure traditions; named singiti function and specific lineage context are not confirmed.,Interpretive caution: avoid identifying a specific ancestor or lineage without object-specific documentation or provenance.,,,-2.8797,23.656,image/png
coll044,JA-2012-18,,Luba-Style Lidded Ceremonial Container,,,,"This Luba-style lidded wooden container has a rounded vessel body decorated with chevron and linear motifs and a sculptural lid formed by paired stylized human figures. The combination of container and figural handle links utility with prestige. In Luba and related central Congolese traditions, elaborately carved containers could signal authority, ceremony, and refined craftsmanship.",,1910,19th–early 20th century,19th–early 20th century,,,,"Democratic Republic of the Congo, Luba region",Physical Object,,Object,,,Jackson State University. (electronic version); JSUMS ART. (electronic version),,,IN COPYRIGHT; http://rightsstatements.org/vocab/InC/1.0/,All rights reserved. Reproduction or redistribution requires written permission from Jackson State University.,Jackson State University.,Jackson State University African Art Collection.,JSU permanent collection,JSUMS ART.,"African Art, Jackson State University.",1981620,.png,1920,2200,,,,,,,,,,,JSU_africanart_JA201218.png,"Luba-style, attribution probable","Luba peoples, probable","Democratic Republic of the Congo, Luba region, probable","Democratic Republic of the Congo, Luba region, probable","Carved wood, possible pigment or surface patina","Carved, incised, lidded construction, patinated",Lidded container / ceremonial or ritual vessel,"Possibly prestige, chiefly, ritual, or storage container; exact use and contents not documented",19th–early 20th century,,,lidded ceremonial container,Untitled object 44,"Moderate: form supports a Luba-style lidded-container attribution, but no specific local name, contents, or function has been confirmed.",Interpretive caution: avoid identifying contents or spiritual context without object-specific documentation or provenance.,,,-2.8797,23.656,image/png
coll045,JA-2012-21,,Lega Bwami-Style Anthropomorphic Figure,,,,"This small Lega-style anthropomorphic figure has a heart-shaped face, narrow almond eyes, simplified proportions, and an elongated lower body or handle-like form. The worn dark patina suggests handling over time. Its restrained carving and compact scale relate to Lega Bwami figures and association objects used for teaching, rank, and moral instruction.",,1950,20th century,20th century,,,,"Democratic Republic of the Congo, eastern Congo region",Physical Object,,Object,,,Jackson State University. (electronic version); JSUMS ART. (electronic version),,,IN COPYRIGHT; http://rightsstatements.org/vocab/InC/1.0/,All rights reserved. Reproduction or redistribution requires written permission from Jackson State University.,Jackson State University.,Jackson State University African Art Collection.,JSU permanent collection,JSUMS ART.,"African Art, Jackson State University.",1745221,.png,1920,2200,,,,,,,,,,,JSU_africanart_JA201221.png,"Lega-style, attribution probable","Lega peoples, probable","Democratic Republic of the Congo, eastern Congo region, probable","Democratic Republic of the Congo, eastern Congo region, probable","Carved wood, dark surface patina, possible pigment or oil","Carved, smoothed, patinated",Anthropomorphic figure / Bwami association object,"By comparison, associated with Bwami initiation, rank, and moral instruction; exact meaning not documented",20th century,,,Lega Bwami-style figure,Untitled object 45,"Moderate to high: visual features match Lega Bwami figure traditions, but exact category and grade are not confirmed.",Interpretive caution: possible initiation-society or association object; avoid unsupported details of restricted meaning.,,,-2.8797,23.656,image/png
coll046,JA-2012-24,,Songye-Style Beaded Face Mask,,,,"This Songye-style carved wooden mask has an elongated oval face, narrow horizontal eye slits, pronounced nose, pursed mouth, cylindrical rim, and red and white glass beads outlining the eyes and cheeks. The beaded details add brilliance to the otherwise forceful wooden form. Its facial structure relates to Songye masking traditions while presenting a distinctive decorated surface.",,1950,20th century,20th century,,,,"Democratic Republic of the Congo, Songye region",Physical Object,,Object,,,Jackson State University. (electronic version); JSUMS ART. (electronic version),,,IN COPYRIGHT; http://rightsstatements.org/vocab/InC/1.0/,All rights reserved. Reproduction or redistribution requires written permission from Jackson State University.,Jackson State University.,Jackson State University African Art Collection.,JSU permanent collection,JSUMS ART.,"African Art, Jackson State University.",3082005,.png,1920,2200,,,,,,,,,,,JSU_africanart_JA201224.png,"Songye-style, attribution uncertain","Songye peoples, possible","Democratic Republic of the Congo, Songye region, possible","Democratic Republic of the Congo, Songye region, possible","Carved wood, pigment, glass beads, possible surface patina","Carved, pigment-applied, bead inlay or attachment, patinated",Face mask / possible Kifwebe-related mask,Possibly masquerade performance; exact named type and use not documented,20th century,,,beaded face mask,Untitled object 46,"Moderate: existing metadata supports Songye attribution, but beaded decoration and limited documentation make a specific subtype uncertain.",Interpretive caution: keep Kifwebe-related language qualified unless a source confirms the type.,,,-2.8797,23.656,image/png
coll047,JA-2012-22,,Bamana-Style Composite Power Figure or Adorned Figure,,,,"This composite figure combines a stylized human head with a globular body densely adorned with glass beads, cowrie shells, leather, fiber, and other applied materials. The accumulated surface creates a sense of abundance, protection, and ritual intensity. Its materials relate broadly to West African power-object, adornment, and ceremonial traditions.",,1950,20th century,20th century,,,,Mali or neighboring West Africa,Physical Object,,Object,,,Jackson State University. (electronic version); JSUMS ART. (electronic version),,,IN COPYRIGHT; http://rightsstatements.org/vocab/InC/1.0/,All rights reserved. Reproduction or redistribution requires written permission from Jackson State University.,Jackson State University.,Jackson State University African Art Collection.,JSU permanent collection,JSUMS ART.,"African Art, Jackson State University.",2147525,.png,1920,2200,,,,,,,,,,,JSU_africanart_JA201222.png,"Bamana-style or West African, attribution uncertain","Bamana peoples, possible","Mali or neighboring West Africa, possible","Mali or neighboring West Africa, possible","Carved wood, glass beads, cowrie shells, leather, plant fiber, possible cloth and accumulative materials","Carved, beaded, shell-applied, wrapped, assembled",Composite power figure / adorned ceremonial or spiritually significant object,"Possibly protective, prestige, ceremonial, or divination object; exact use not documented",20th century,,,composite power figure,Untitled object 47,"Moderate: materials and form support a Bamana or West African power-object comparison, but the specific object type is uncertain.",Interpretive caution: potentially culturally or spiritually sensitive object; avoid identifying contents or ceremonial/spiritual use beyond visible evidence and documented comparanda.,,,17.5707,-3.9962,image/png
coll048,JA-2012-06,,Lega Lukwakongo-Style Maskette,,,,"This small Lega lukwakongo-type maskette has an elongated oval face, softly modeled surface, narrow almond-shaped eyes, short straight nose, small horizontal mouth, heavy wear, and traces of light pigment or kaolin. Its compact format suggests an object meant for close viewing and handling. The restrained features relate to Lega Bwami association maskettes.",,1950,20th century,20th century,,,,"Democratic Republic of the Congo, eastern Congo region",Physical Object,,Object,,,Jackson State University. (electronic version); JSUMS ART. (electronic version),,,IN COPYRIGHT; http://rightsstatements.org/vocab/InC/1.0/,All rights reserved. Reproduction or redistribution requires written permission from Jackson State University.,Jackson State University.,Jackson State University African Art Collection.,JSU permanent collection,JSUMS ART.,"African Art, Jackson State University.",3423214,.png,1920,2200,,,,,,,,,,,JSU_africanart_JA201206.png,"Lega-style, likely Lega peoples","Lega peoples, probable","Democratic Republic of the Congo, eastern Congo region, probable","Democratic Republic of the Congo, eastern Congo region, probable","Carved wood, pigment or kaolin traces, surface patina","Carved, pierced, pigment-applied, patinated",Maskette / lukwakongo-style mask / Bwami association object,"By comparison, associated with Bwami initiation and rank instruction; exact meaning not documented",20th century,,,Lega maskette,Untitled object 48,"High for Lega lukwakongo-type maskette based on visual features and close museum parallels; exact owner, grade, and teaching meaning are undocumented.",Interpretive caution: possible initiation-society or association object; avoid unsupported restricted meanings.,,,-2.8797,23.656,image/png
coll049,JA-2012-05,,Boa-Style Face Mask with Ring Ears,,,,"This carved wooden face mask has an elongated oval face, large circular ring-shaped ears, narrow eyes, an open mouth with teeth, and subdued brown, ochre, and dark surface tones. The prominent ring ears relate to Boa pongdudu-type masks from the Uele region of the Democratic Republic of the Congo. The mask's angular features create a forceful and memorable expression.",,1900,Late 19th–early 20th century,Late 19th–early 20th century,,,,"Democratic Republic of the Congo, Uele River region",Physical Object,,Object,,,Jackson State University. (electronic version); JSUMS ART. (electronic version),,,IN COPYRIGHT; http://rightsstatements.org/vocab/InC/1.0/,All rights reserved. Reproduction or redistribution requires written permission from Jackson State University.,Jackson State University.,Jackson State University African Art Collection.,JSU permanent collection,JSUMS ART.,"African Art, Jackson State University.",1791053,.png,1920,2200,,,,,,,,,,,JSU_africanart_JA201205.png,"Boa-style, attribution uncertain","Boa peoples, possible","Democratic Republic of the Congo, Uele River region, possible","Democratic Republic of the Congo, Uele River region, possible","Carved wood, pigment, possible kaolin or surface patina","Carved, pierced, pigment-applied, patinated",Face mask / pongdudu-style mask,"Possibly masquerade, protective, or social-regulatory performance; exact use not documented",Late 19th–early 20th century,,,Boa-style face mask,Untitled object 49,"Low to moderate: ring-shaped ears support a Boa/Uele-region comparison, but object-specific documentation is limited.",Interpretive caution: avoid using “Bwa” for this DRC object unless separate evidence supports that attribution.,,,3,25,image/png
coll050,JA-2012-07,,Lega Lukwakongo-Style Mask,,,,"This Lega lukwakongo-type mask has an elongated oval face, narrow horizontal eye slits, long straight nose, small open mouth, brown and ivory-toned surface, and evidence of former fiber attachments. Lukwakongo masks are associated with Bwami society instruction and rank. The softened modeling and pale highlights give the face a contemplative presence.",,1950,20th century,20th century,,,,"Democratic Republic of the Congo, eastern Congo region",Physical Object,,Object,,,Jackson State University. (electronic version); JSUMS ART. (electronic version),,,IN COPYRIGHT; http://rightsstatements.org/vocab/InC/1.0/,All rights reserved. Reproduction or redistribution requires written permission from Jackson State University.,Jackson State University.,Jackson State University African Art Collection.,JSU permanent collection,JSUMS ART.,"African Art, Jackson State University.",3207660,.png,1920,2200,,,,,,,,,,,JSU_africanart_JA201207.png,"Lega-style, likely Lega peoples","Lega peoples, probable","Democratic Republic of the Congo, eastern Congo region, likely South Kivu or Maniema area","Democratic Republic of the Congo, eastern Congo region, likely South Kivu or Maniema area","Carved wood, pigment or kaolin, plant fiber or raffia/liana fiber, surface patina","Carved, pierced, pigment-applied, possible fiber attachment",Mask / lukwakongo-style mask / Bwami association object,"By comparison, associated with Bwami initiation and rank instruction; exact object meaning not documented",20th century,,,Lega lukwakongo mask,Untitled object 50,"High for Lega lukwakongo-type mask based on existing metadata and close museum parallels; exact owner, grade, and teaching meaning are undocumented.",Interpretive caution: possible initiation-society or association object; describe respectfully and avoid unsupported details of restricted meaning.,,,-2.8797,23.656,image/png
coll051,JA-2012-09,,Ngbandi-Style Face Mask,,,,"This Ngbandi-style wooden mask has an elongated oval form, square eye openings, a pronounced vertical nasal ridge with notched relief, rectangular open mouth with carved teeth, striated cap-like coiffure, and weathered pigment. The severe geometry of the face gives the mask a powerful visual clarity. Its form relates to Ubangi-region masking traditions.",,1950,20th century,20th century,,,,"Democratic Republic of the Congo, Ubangi River region",Physical Object,,Object,,,Jackson State University. (electronic version); JSUMS ART. (electronic version),,,IN COPYRIGHT; http://rightsstatements.org/vocab/InC/1.0/,All rights reserved. Reproduction or redistribution requires written permission from Jackson State University.,Jackson State University.,Jackson State University African Art Collection.,JSU permanent collection,JSUMS ART.,"African Art, Jackson State University.",2745212,.png,1920,2200,,,,,,,,,,,JSU_africanart_JA201209.png,"Ngbandi-style, attribution probable but cautious","Ngbandi peoples, possible","Democratic Republic of the Congo, Ubangi River region, possible","Democratic Republic of the Congo, Ubangi River region, possible","Carved wood, pigment, possible surface patina","Carved, incised, pigment-applied, patinated",Face mask / masquerade mask,"Possibly social-regulatory, initiation, or masquerade context; exact use not documented",20th century,,,Ngbandi-style face mask,Untitled object 51,"Moderate: visual features align with Ngbandi/northern DRC masks, but Ngbandi masks are rare and documentation is limited.",Interpretive caution: keep attribution qualified and avoid detailed function without source support.,,,-2.8797,23.656,image/png
coll052,JA-2012-11,,Chokwe Pwo or Mwana Pwo-Style Face Mask,,,,"This Chokwe face mask of the pwo or mwana pwo type has an elongated oval face, heavy-lidded horizontal eyes, incised diagonal and vertical facial markings, prominent straight nose, and open mouth with carved teeth. Pwo and mwana pwo masks are associated with idealized womanhood, beauty, and female ancestral presence. The mask's refined facial surface and scarification motifs emphasize elegance and social identity.",,1950,20th century,20th century,,,,"Angola or Democratic Republic of the Congo, Chokwe region",Physical Object,,Object,,,Jackson State University. (electronic version); JSUMS ART. (electronic version),,,IN COPYRIGHT; http://rightsstatements.org/vocab/InC/1.0/,All rights reserved. Reproduction or redistribution requires written permission from Jackson State University.,Jackson State University.,Jackson State University African Art Collection.,JSU permanent collection,JSUMS ART.,"African Art, Jackson State University.",3359330,.png,1920,2200,,,,,,,,,,,JSU_africanart_JA201211.png,"Chokwe-style, probable attribution","Chokwe peoples, probable","Angola or Democratic Republic of the Congo, Chokwe region, probable","Angola or Democratic Republic of the Congo, Chokwe region, probable","Carved wood, pigment, possible plant fiber, metal, or surface patina if attachments were formerly present","Carved, incised, pigment-applied, patinated",Face mask / pwo or mwana pwo mask,"By comparison, associated with masquerade representations of idealized womanhood or female ancestors; exact use not documented",20th century,,,pwo mask,Untitled object 52,Moderate to high: visual features match Chokwe pwo/mwana pwo masks in museum collections; exact variant and performance context are undocumented.,Interpretive caution: avoid identifying the represented woman or performance history without object-specific documentation or provenance.,,,-8.5,18.5,image/png
coll053,JA-2012-13,,Ngbaka or Ubangi-Region Face Mask,,,,"This elongated wooden mask has narrow slit eyes, a pronounced straight nose, cross-hatched surface decoration, pigment, and attached fiber elements. Its scarification-like patterns and austere face relate to Ngbaka, Mbanza/Banja, and neighboring Ubangi-region masking traditions. The long facial plane creates a formal, solemn presence.",,1950,Early–mid 20th century,Early–mid 20th century,,,,"Democratic Republic of the Congo, Ubangi River region",Physical Object,,Object,,,Jackson State University. (electronic version); JSUMS ART. (electronic version),,,IN COPYRIGHT; http://rightsstatements.org/vocab/InC/1.0/,All rights reserved. Reproduction or redistribution requires written permission from Jackson State University.,Jackson State University.,Jackson State University African Art Collection.,JSU permanent collection,JSUMS ART.,"African Art, Jackson State University.",3025617,.png,1920,2200,,,,,,,,,,,JSU_africanart_JA201213.png,"Ngbaka or related Ubangi-region group, attribution uncertain","Ngbaka, Mbanza/Banja, or related peoples, possible","Democratic Republic of the Congo, Ubangi River region, possible","Democratic Republic of the Congo, Ubangi River region, possible","Carved wood, pigment, plant fiber or raffia, possible surface patina","Carved, incised, pigment-applied, fiber attachment",Face mask / masquerade or initiation mask,Possibly initiation or masquerade context; exact use not documented,Early–mid 20th century,,,Ubangi-region face mask,Untitled object 53,"Low to moderate: visual features support an Ngbaka/Mbanza or related Ubangi-region attribution, but exact group is uncertain.",Interpretive caution: use cautious attribution because neighboring Ubangi-region styles overlap and museum records note uncertainty.,,,-2.8797,23.656,image/png
coll054,JA-2012-19,,Ngbaka Dagara/Gaza-Style Initiation Mask,,,,"This elongated Ngbaka-style wooden mask has an oval helmet-like form, almond-shaped pierced eyes, projecting straight nose, wide open mouth, heavy patina, and austere carving. The mask's formal severity gives it a commanding presence. Comparable Ngbaka masks from the Ubangi region are associated with initiation and related performance contexts.",,1900,Late 19th–early 20th century,Late 19th–early 20th century,,,,"Democratic Republic of the Congo, Ubangi River region",Physical Object,,Object,,,Jackson State University. (electronic version); JSUMS ART. (electronic version),,,IN COPYRIGHT; http://rightsstatements.org/vocab/InC/1.0/,All rights reserved. Reproduction or redistribution requires written permission from Jackson State University.,Jackson State University.,Jackson State University African Art Collection.,JSU Permanent Collection,JSUMS ART.,"African Art, Jackson State University.",3334662,.png,1920,2200,,,,,,,,,,,JSU_africanart_JA201219.png,"Ngbaka-style, attribution probable","Ngbaka peoples, probable","Democratic Republic of the Congo, Ubangi River region, probable","Democratic Republic of the Congo, Ubangi River region, probable","Carved wood, possible pigment or surface patina","Carved, pierced, patinated",Face mask / initiation mask / dagara or gaza-type mask,"By comparison, associated with initiation contexts; exact use not documented",Late 19th–early 20th century,,,Ngbaka initiation mask,Untitled object 54,Moderate to high: description and museum parallels support an Ngbaka dagara/gaza initiation-mask attribution; exact local name and performance history are undocumented.,Interpretive caution: possible initiation object; keep ceremonial/spiritual details limited to public-source comparisons.,,,-2.8797,23.656,image/png
coll055,JA-2012-14,,Lega Bwami Figure (Iginga-Style),,,,"This Lega standing figure has elongated proportions, bent arms framing the torso, an asymmetrical face, one eye highlighted with white kaolin, and a compact pedestal base. Lega Bwami figures, often called iginga, are associated with initiation, rank, and moral instruction. The contrasting eye treatment gives the figure a striking sense of focus.",,1900,Late 19th–early 20th century,Late 19th–early 20th century,,,,"Democratic Republic of the Congo, eastern Congo region",Physical Object,,Object,,,Jackson State University. (electronic version); JSUMS ART. (electronic version),,,IN COPYRIGHT; http://rightsstatements.org/vocab/InC/1.0/,All rights reserved. Reproduction or redistribution requires written permission from Jackson State University.,Jackson State University.,Jackson State University African Art Collection.,JSU permanent collection,JSUMS ART.,"African Art, Jackson State University.",1467324,.png,1920,2200,,,,,,,,,,,JSU_africanart_JA201214.png,"Lega-style, attribution probable","Lega peoples, probable","Democratic Republic of the Congo, eastern Congo region, probable","Democratic Republic of the Congo, eastern Congo region, probable","Carved wood, white kaolin pigment, possible surface patina","Carved, pigment-applied, patinated",Standing figure / Bwami association object / iginga-style figure,"By comparison, associated with Bwami initiation, rank, and moral instruction; exact meaning not documented",Late 19th–early 20th century,,,Lega iginga-style figure,Untitled object 55,"Moderate to high: existing metadata and museum parallels support a Lega Bwami figure, likely iginga-style; exact category and meaning are not documented.",Interpretive caution: possible initiation-society or association object; avoid unsupported details of restricted meaning.,,,-2.8797,23.656,image/png
coll056,JA-2012-20,,Lega-Style Ceremonial Spoon or Bwami Paddle,,,,"This Lega-style ceremonial spoon or paddle has an elongated blade and a handle surmounted by a small anthropomorphic figure with white kaolin highlights. The attenuated body, dark patina, and worn surface suggest repeated handling. Lega and neighboring Bwami association objects could serve as teaching, prestige, and ceremonial implements.",,1900,Late 19th–early 20th century,Late 19th–early 20th century,,,,"Democratic Republic of the Congo, eastern Congo region",Physical Object,,Object,,,Jackson State University. (electronic version); JSUMS ART. (electronic version),,,IN COPYRIGHT; http://rightsstatements.org/vocab/InC/1.0/,All rights reserved. Reproduction or redistribution requires written permission from Jackson State University.,Jackson State University.,Jackson State University African Art Collection.,JSU permanent collection,JSUMS ART.,"African Art, Jackson State University.",777523,.png,1920,2200,,,,,,,,,,,JSU_africanart_JA201220.png,"Lega-style, attribution probable","Lega peoples, probable","Democratic Republic of the Congo, eastern Congo region, probable","Democratic Republic of the Congo, eastern Congo region, probable","Carved wood, white kaolin pigment, dark surface patina","Carved, pigment-applied, patinated",Ceremonial spoon / Bwami association prestige utensil or paddle,"Possibly Bwami teaching, rank, or prestige object; exact use not documented",Late 19th–early 20th century,,,ceremonial spoon or paddle,Untitled object 56,Moderate to high: existing metadata and museum parallels support a Lega Bwami ceremonial spoon or paddle attribution; exact local name and grade are not confirmed.,Interpretive caution: possible initiation-society or association object; avoid unsupported details of restricted meaning.,,,-2.8797,23.656,image/png
coll057,JA-2014-04,,Songye Nkishi-Style Power Figure,,,,"This Songye-style nkisi or nkishi power figure has a faceted mask-like head, metal studs, fiber bindings around the torso, and bifurcated legs. The angular face, applied materials, and binding create a dense visual language of activation and protection. Comparable Songye power figures were understood as effective through added substances, specialist intervention, and social use.",,1900,Late 19th–early 20th century,Late 19th–early 20th century,,,,"Democratic Republic of the Congo, Songye region",Physical Object,,Object,,,Jackson State University. (electronic version); JSUMS ART. (electronic version),,,IN COPYRIGHT; http://rightsstatements.org/vocab/InC/1.0/,All rights reserved. Reproduction or redistribution requires written permission from Jackson State University.,Jackson State University.,Jackson State University African Art Collection.,JSU permanent collection,JSUMS ART.,"African Art, Jackson State University.",1052170,.png,1920,2200,,,,,,,,,,,JSU_africanart_JA201404.png,"Songye-style, attribution probable","Songye peoples, probable","Democratic Republic of the Congo, Songye region, central/eastern Congo Basin, probable","Democratic Republic of the Congo, Songye region, central/eastern Congo Basin, probable","Carved wood, plant fiber, cord, possible pigment and composite materials","Carved, bound, assembled, patinated",Power figure / nkishi or nkisi-style figure,"Possibly protective, healing, divinatory, or communally significant object; exact use not documented",Late 19th–early 20th century,,,nkishi-style power figure,Untitled object 57,"High for Songye power figure type based on visual features and close museum parallels; exact contents, subgroup, owner, and history of use are undocumented.",Interpretive caution: potentially culturally or spiritually sensitive object; avoid identifying contents or ceremonial/spiritual use beyond visible evidence and documented comparanda.,,,-2.8797,23.656,image/png
coll058,JA-2014-08,,Hemba- or Luba-Hemba-Style Standing Ancestor Figure,,,,"This Hemba or Luba-Hemba style ancestor figure has an elongated neck and torso, heart-shaped face, restrained features, chevron scarification on the abdomen, and bead ornaments at the neck and waist. The upright stance and composed expression relate to ancestor-figure traditions in eastern Democratic Republic of the Congo. The figure presents lineage memory through idealized, dignified form.",,1900,Late 19th–early 20th century,Late 19th–early 20th century,,,,"Democratic Republic of the Congo, eastern/central Congo region",Physical Object,,Object,,,Jackson State University. (electronic version); JSUMS ART. (electronic version),,,IN COPYRIGHT; http://rightsstatements.org/vocab/InC/1.0/,All rights reserved. Reproduction or redistribution requires written permission from Jackson State University.,Jackson State University.,Jackson State University African Art Collection.,JSU Permanent Collection,JSUMS ART.,"African Art, Jackson State University.",1118957,.png,1920,2200,,,,,,,,,,,JSU_africanart_JA201408.png,"Hemba or Luba-Hemba-style, attribution uncertain","Hemba peoples or Luba-Hemba peoples, possible","Democratic Republic of the Congo, eastern/central Congo region, possible","Democratic Republic of the Congo, eastern/central Congo region, possible","Carved wood, glass beads, possible pigment or surface patina","Carved, incised, bead attachment, patinated",Ancestor figure / standing figure,"Possibly commemorative ancestor, lineage, or prestige figure; exact use not documented",Late 19th–early 20th century,,,standing ancestor figure,Untitled object 58,"Moderate: visual features support a Hemba/Luba-Hemba ancestor-figure attribution, but subgroup and lineage context are not confirmed.","Interpretive caution: avoid identifying a specific ancestor, lineage, or spiritual context without object-specific documentation or provenance.",,,-2.8797,23.656,image/png
coll059,JA-2014-01,,Songye- or Luba-Songye-Style Carved Figural Panel,,,,"This vertical carved wooden panel is made of joined sections and organized around a large stylized face in the upper register with paired figures below. Incised geometric and dotted motifs cover the surface, while metal staples or repairs suggest a long object history. The layered composition relates to Songye or Luba-Songye regional carving traditions.",,1900,Late 19th–early 20th century,Late 19th–early 20th century,,,,"Democratic Republic of the Congo, central/eastern Congo Basin",Physical Object,,Object,,,Jackson State University. (electronic version); JSUMS ART. (electronic version),,,IN COPYRIGHT; http://rightsstatements.org/vocab/InC/1.0/,All rights reserved. Reproduction or redistribution requires written permission from Jackson State University.,Jackson State University.,Jackson State University African Art Collection.,JSU permanent collection,JSUMS ART.,"African Art, Jackson State University.",2963382,.png,1920,2200,,,,,,,,,,,JSU_africanart_JA201401.png,"Songye or related Luba-Songye regional tradition, attribution uncertain","Songye peoples, Luba peoples, or related peoples, possible","Democratic Republic of the Congo, central/eastern Congo Basin, possible","Democratic Republic of the Congo, central/eastern Congo Basin, possible","Carved wood, metal repair staples, possible pigment or surface patina","Carved relief, incised, joined sections, metal repairs",Carved panel / figural panel / possible architectural or spiritually significant object,"Possibly architectural, prestige, shrine, or ritual panel; exact use not documented",Late 19th–early 20th century,,,carved figural panel,Untitled object 59,"Low to moderate: regional attribution is plausible, but no close named type or public institutional match has been confirmed.",Interpretive caution: avoid assigning specific function or society without supporting documentation.,,,-2.8797,23.656,image/png
coll060,JA-2014-02,,Songye-Style Ritual Power Staff,,,,"This Songye-style composite ritual staff or staff-like power object combines a carved mask-like head, pierced eyes, metal-studded ornament, feathers, a long shaft, and a seated bound figure. The attached fiber, textile, and metal details create an assembled surface of authority and activation. The object relates to Songye power-object traditions in Central Africa.",,1900,Late 19th–early 20th century,Late 19th–early 20th century,,,,"Democratic Republic of the Congo, Songye region",Physical Object,,Object,,,Jackson State University. (electronic version); JSUMS ART. (electronic version),,,IN COPYRIGHT; http://rightsstatements.org/vocab/InC/1.0/,All rights reserved. Reproduction or redistribution requires written permission from Jackson State University.,Jackson State University.,Jackson State University African Art Collection.,JSU permanent collection,JSUMS ART.,"African Art, Jackson State University.",1064349,.png,1920,2200,,,,,,,,,,,JSU_africanart_JA201402.png,"Songye-style, attribution probable","Songye peoples, probable","Democratic Republic of the Congo, Songye region, central/eastern Congo Basin, probable","Democratic Republic of the Congo, Songye region, central/eastern Congo Basin, probable","Carved wood, metal studs, plant fiber or cord, feathers, textile, possible pigment and composite materials","Carved, studded, bound, assembled, patinated",Ritual staff / staff-like power object / Songye power object,"Possibly protective, healing, divinatory, or prestige power object; exact use not documented",Late 19th–early 20th century,,,ritual power staff,Untitled object 60,Moderate to high for Songye power-object tradition based on materials and form; exact named staff type and ritual contents are not confirmed.,Interpretive caution: potentially culturally or spiritually sensitive object; avoid identifying contents or ceremonial/spiritual role beyond visible evidence and documented comparanda.,,,-2.8797,23.656,image/png
coll061,JA-2014-03,,Dogon-Style Standing Female Ancestor Figure,,,,"This Dogon-style standing female figure has an elongated columnar body, exposed breasts, long arms held close to the torso, scarified facial features, open mouth, diamond motifs on the lower body, and a mineral-encrusted surface. The figure's verticality and patterned surface relate to Dogon female figure traditions. Its reserved stance conveys endurance and ancestral presence.",,1900,Late 19th–early 20th century,Late 19th–early 20th century,,,,"Mali, Dogon region",Physical Object,,Object,,,Jackson State University. (electronic version); JSUMS ART. (electronic version),,,IN COPYRIGHT; http://rightsstatements.org/vocab/InC/1.0/,All rights reserved. Reproduction or redistribution requires written permission from Jackson State University.,Jackson State University.,Jackson State University African Art Collection.,JSU permanent collection,JSUMS ART.,"African Art, Jackson State University.",1595453,.png,1920,2200,,,,,,,,,,,JSU_africanart_JA201403.png,"Dogon-style, attribution probable","Dogon peoples, probable","Mali, Dogon region, probable","Mali, Dogon region, probable","Carved wood with mineral-encrusted patina, possible pigment or ritual accretions","Carved, incised, encrusted/patinated surface",Female figure / ancestor figure,"Possibly ancestral, shrine, fertility-related, or protective figure; exact use not documented",Late 19th–early 20th century,,,standing female ancestor figure,Untitled object 61,"Moderate to high: visual features correspond to Dogon female figure traditions; specific identity, village style, maker, and ceremonial/spiritual context are undocumented.",Interpretive caution: avoid claiming shrine use or sacrificial history without object-specific documentation or provenance.,,,17.5707,-3.9962,image/png
coll062,JA-2014-05,,Hemba- or Luba-Style Standing Female Figure,,,,"This Hemba or Luba-related female figure has an elongated columnar body, prominent breasts, refined oval face with half-closed eyes, linear scarification, smooth dark patina, and a fiber collar at the neck. The tall form and composed face suggest eastern or central Congolese figural traditions. Its simplified body and polished surface emphasize stillness and dignity.",,1900,Late 19th–early 20th century,Late 19th–early 20th century,,,,"Democratic Republic of the Congo, eastern/central Congo region",Physical Object,,Object,,,Jackson State University. (electronic version); JSUMS ART. (electronic version),,,IN COPYRIGHT; http://rightsstatements.org/vocab/InC/1.0/,All rights reserved. Reproduction or redistribution requires written permission from Jackson State University.,Jackson State University.,Jackson State University African Art Collection.,JSU permanent collection,JSUMS ART.,"African Art, Jackson State University.",2272182,.png,1920,2200,,,,,,,,,,,JSU_africanart_JA201405.png,"Hemba or Luba-related peoples, attribution uncertain","Hemba peoples or Luba peoples, possible","Democratic Republic of the Congo, eastern/central Congo region, possible","Democratic Republic of the Congo, eastern/central Congo region, possible","Carved wood, plant fiber, possible pigment or dark surface patina","Carved, incised, fiber attachment, patinated",Female figure / standing figure,"Possibly ancestor, prestige, fertility, or personal figure; exact use not documented",Late 19th–early 20th century,,,standing female figure,Untitled object 62,"Moderate: visual features support a Hemba/Luba-related Central Congolese attribution, but function, subgroup, and identity are not confirmed.","Interpretive caution: avoid assigning specific lineage, ancestor, or ceremonial/spiritual use without object-specific documentation or provenance.",,,-2.8797,23.656,image/png
coll063,JA-2014-07,,Teke-Style Standing Figure with Openwork Torso,,,,"This Teke-style standing figure has elongated proportions, pierced eyes, a cylindrical neck with beaded collar, metal ring earrings, and openwork lozenge-shaped cutouts through the torso. The ornaments frame the figure as both body and object of display. Its openwork center gives the compact sculpture an unusual architectural quality.",,1900,Late 19th–early 20th century,Late 19th–early 20th century,,,,"Republic of the Congo or Democratic Republic of the Congo, Teke region",Physical Object,,Object,,,Jackson State University. (electronic version); JSUMS ART. (electronic version),,,IN COPYRIGHT; http://rightsstatements.org/vocab/InC/1.0/,All rights reserved. Reproduction or redistribution requires written permission from Jackson State University.,Jackson State University.,Jackson State University African Art Collection.,JSU permanent collection,JSUMS ART.,"African Art, Jackson State University.",1298799,.png,1920,2200,,,,,,,,,,,JSU_africanart_JA201407.png,"Teke-style, attribution uncertain","Teke peoples, possible","Republic of the Congo or Democratic Republic of the Congo, Teke region, possible","Republic of the Congo or Democratic Republic of the Congo, Teke region, possible","Carved wood, metal, glass beads, possible fiber/string and surface patina","Carved, pierced/openwork, bead and metal attachment, patinated",Standing figure / possible power or ancestor figure,"Possibly personal, ancestor, protective, or power figure; exact use not documented",Late 19th–early 20th century,,,standing figure,Untitled object 63,"Moderate: ornamented figural features support a Teke comparison, but the openwork torso is atypical and function is uncertain.",Interpretive caution: avoid identifying as a power figure unless an abdominal charge or other evidence is documented.,,,-2.8797,23.656,image/png
coll064,JA-2014-06,,Kuba or Bushoong-Style Ceremonial Panel or Shield,,,,"This rectangular Kuba or Bushoong-style ceremonial panel or shield-like object is decorated with painted diamond patterns, an inset circular mask face, relief animal motifs, pegged frame construction, and metal fittings or repairs. The combination of geometry, mask imagery, and animal forms relates to Kuba prestige arts. Its structured surface creates a strong ceremonial presence.",,1900,Late 19th–early 20th century,Late 19th–early 20th century,,,,"Democratic Republic of the Congo, Kasai region",Physical Object,,Object,,,Jackson State University. (electronic version); JSUMS ART. (electronic version),,,IN COPYRIGHT; http://rightsstatements.org/vocab/InC/1.0/,All rights reserved. Reproduction or redistribution requires written permission from Jackson State University.,Jackson State University.,Jackson State University African Art Collection.,JSU permanent collection,JSUMS ART.,"African Art, Jackson State University.",5030120,.png,1920,2200,,,,,,,,,,,JSU_africanart_JA201406.png,"Kuba-style, probably Bushoong-related, attribution uncertain","Kuba peoples, possibly Bushoong subgroup","Democratic Republic of the Congo, Kasai region, Kuba kingdom area, possible","Democratic Republic of the Congo, Kasai region, Kuba kingdom area, possible","Carved wood, pigment, metal fittings or repairs, surface patina","Carved relief, painted, pegged or framed construction, metal repair/attachment",Ceremonial panel / shield-like object / possible emblematic or architectural panel,"Possibly courtly, prestige, ceremonial, or architectural object; exact use not documented",Late 19th–early 20th century,,,ceremonial panel,Untitled object 64,"Moderate: geometric and mask imagery support Kuba/Bushoong attribution, but exact object type and function are not confirmed.","Interpretive caution: avoid classifying as shield, door, or shrine object without more evidence.",,,-2.8797,23.656,image/png
coll065,JA-2014-09,,Lega Bwami Female Figure (Iginga-Style),,,,"This Lega standing female figure has elongated proportions, simplified facial features, small projecting breasts, a long neck, beaded waist element, and a worn handled surface. Lega female figures known as iginga are associated with Bwami initiation and rank. The figure's restrained carving focuses attention on posture, surface, and symbolic presence.",,1900,Late 19th–early 20th century,Late 19th–early 20th century,,,,"Democratic Republic of the Congo, eastern Congo region",Physical Object,,Object,,,Jackson State University. (electronic version); JSUMS ART. (electronic version),,,IN COPYRIGHT; http://rightsstatements.org/vocab/InC/1.0/,All rights reserved. Reproduction or redistribution requires written permission from Jackson State University.,Jackson State University.,Jackson State University African Art Collection.,JSU permanent collection,JSUMS ART.,"African Art, Jackson State University.",1191130,.png,1920,2200,,,,,,,,,,,JSU_africanart_JA201409.png,"Lega-style, probable attribution","Lega peoples, probable","Democratic Republic of the Congo, eastern Congo region, probable","Democratic Republic of the Congo, eastern Congo region, probable","Carved wood, glass beads, possible pigment, oil, or surface patina","Carved, bead attachment, patinated",Female figure / Bwami association object / iginga-style figure,"By comparison, associated with Bwami initiation, rank, and moral instruction; exact meaning not documented",Late 19th–early 20th century,,,Lega iginga-style figure,Untitled object 65,"Moderate to high: existing metadata and museum parallels support a Lega Bwami figure, likely iginga-style; exact category and meaning are not documented.",Interpretive caution: possible initiation-society or association object; avoid unsupported details of restricted meaning.,,,-2.8797,23.656,image/png
coll066,JA-2014-10,,Kuba or Bushoong-Style Carved Prestige Panel,,,,This Kuba or Bushoong-style relief panel is densely carved with incised and raised geometric motifs and three stylized mask faces with projecting eyes and crested coiffures. Kuba courtly and prestige arts are known for rhythmic geometry and complex surface design. The panel's repeated faces and patterns create a vivid ornamental field.,,1900,Late 19th–early 20th century,Late 19th–early 20th century,,,,"Democratic Republic of the Congo, Kasai region",Physical Object,,Object,,,Jackson State University. (electronic version); JSUMS ART. (electronic version),,,IN COPYRIGHT; http://rightsstatements.org/vocab/InC/1.0/,All rights reserved. Reproduction or redistribution requires written permission from Jackson State University.,Jackson State University.,Jackson State University African Art Collection.,JSU permanent collection,JSUMS ART.,"African Art, Jackson State University.",5288432,.png,1920,2200,,,,,,,,,,,JSU_africanart_JA201410.png,"Kuba-style, probably Bushoong-related, attribution uncertain","Kuba peoples, possibly Bushoong subgroup","Democratic Republic of the Congo, Kasai region, Kuba kingdom area, possible","Democratic Republic of the Congo, Kasai region, Kuba kingdom area, possible","Carved wood, possible pigment or surface patina","Carved relief, incised geometric design, patinated",Carved prestige panel / relief panel / possible architectural or ceremonial panel,"Possibly prestige, architectural, courtly, or ceremonial panel; exact use not documented",Late 19th–early 20th century,,,carved prestige panel,Untitled object 66,"Moderate: geometric and mask imagery support Kuba/Bushoong comparison, but exact function and original placement are not confirmed.",Interpretive caution: avoid specifying architectural or ceremonial/spiritual role without object-specific documentation or provenance.,,,-2.8797,23.656,image/png
coll067,JA-2014-11,,Tabwa Musangwe-Style Helmet Mask,,,,"This helmet-style mask has a rounded dome, facial features carved in relief across a horizontal band, cowrie-shell eyes, incised linear scarification, and lateral attachment perforations. The compact form and cowrie details relate to Tabwa Musangwe-type masks from southeastern Democratic Republic of the Congo. Its low, rounded profile gives the mask a contained, sculptural force.",,1900,Late 19th–early 20th century,Late 19th–early 20th century,,,,"Democratic Republic of the Congo, Tabwa region",Physical Object,,Object,,,Jackson State University. (electronic version); JSUMS ART. (electronic version),,,IN COPYRIGHT; http://rightsstatements.org/vocab/InC/1.0/,All rights reserved. Reproduction or redistribution requires written permission from Jackson State University.,Jackson State University.,Jackson State University African Art Collection.,JSU permanent collection,JSUMS ART.,"African Art, Jackson State University.",4671093,.png,1920,2200,,,,,,,,,,,JSU_africanart_JA201411.png,"Tabwa-style, attribution probable","Tabwa peoples, probable","Democratic Republic of the Congo, Tabwa region, probable","Democratic Republic of the Congo, Tabwa region, probable","Carved wood, cowrie shells, pigment or surface patina","Carved, incised, attached cowries, patinated",Helmet mask / Musangwe-type mask,"Possibly masquerade, initiation, or social performance; exact use not documented",Late 19th–early 20th century,,,Musangwe-style helmet mask,,Moderate: existing title and helmet-mask form support Tabwa Musangwe-type attribution.,Interpretive caution: keep performance context tentative without object-specific documentation.,,,-2.8797,23.656,image/png
coll068,JA-2015-01,,Horned Zoomorphic Mask,,,,"This horned zoomorphic mask is carved as a stylized bovine or antelope-like head with an elongated facial plane, upright curved horns, almond-shaped eyes, exposed teeth, and traces of hide and pigment. The animal form emphasizes alertness, strength, and motion. Its dramatic horns and open mouth create an energetic masquerade presence.",,1900,Late 19th–early 20th century,Late 19th–early 20th century,,,,Democratic Republic of the Congo,Physical Object,,Object,,,Jackson State University. (electronic version); JSUMS ART. (electronic version),,,IN COPYRIGHT; http://rightsstatements.org/vocab/InC/1.0/,All rights reserved. Reproduction or redistribution requires written permission from Jackson State University.,Jackson State University.,Jackson State University African Art Collection.,JSU permanent collection,JSUMS ART.,"African Art, Jackson State University.",2604661,.png,1920,2200,,,,,,,,,,,JSU_africanart_JA201501.png,"Central African peoples, possibly Lega-related, attribution uncertain","Lega or related peoples, possible","Democratic Republic of the Congo, uncertain","Democratic Republic of the Congo, uncertain","Carved wood, pigment, hide or skin, surface patina","Carved, pigment-applied, hide attachment",Horned zoomorphic mask / animal-form mask,Possibly masquerade or association object; exact use not documented,Late 19th–early 20th century,,,horned zoomorphic mask,,"Low to moderate: horned animal form is clear, but the Lega attribution and specific use remain uncertain.",Interpretive caution: avoid treating the Lega attribution as confirmed without stronger evidence.,,,-2.8797,23.656,image/png
coll069,JA-2015-02,,Chokwe Pwo or Mwana Pwo-Style Face Mask,,,,"This Chokwe pwo or mwana pwo face mask has a rounded forehead, half-closed almond-shaped eyes, elongated nose, pursed mouth, incised facial scarification, and attached fiber or costume remnants. A cruciform cingelyengelye-like motif marks the forehead. The mask aligns with Chokwe female mask traditions centered on idealized beauty and ancestral femininity.",,1900,Late 19th–early 20th century,Late 19th–early 20th century,,,,"Angola or Democratic Republic of the Congo, Chokwe region",Physical Object,,Object,,,Jackson State University. (electronic version); JSUMS ART. (electronic version),,,IN COPYRIGHT; http://rightsstatements.org/vocab/InC/1.0/,All rights reserved. Reproduction or redistribution requires written permission from Jackson State University.,Jackson State University.,Jackson State University African Art Collection.,JSU permanent collection,JSUMS ART.,"African Art, Jackson State University.",2960211,.png,1920,2200,,,,,,,,,,,JSU_africanart_JA201502.png,"Chokwe-style, probable attribution","Chokwe peoples, probable","Angola or Democratic Republic of the Congo, Chokwe region, probable","Angola or Democratic Republic of the Congo, Chokwe region, probable","Carved wood, plant fiber or raffia, pigment, possible metal, cloth, or surface patina","Carved, incised, pigment-applied, fiber attachment",Face mask / pwo or mwana pwo mask,"By comparison, associated with masquerade representations of idealized womanhood or female ancestors; exact use not documented",Late 19th–early 20th century,,,pwo mask,Untitled object 69,High for Chokwe pwo/mwana pwo type based on visual features and close museum parallels; exact local variant and performance history are undocumented.,Interpretive caution: avoid identifying a represented individual or claim specific performance history without object-specific documentation or provenance.,,,-2.8797,23.656,image/png
coll070,JA-2015-04,,Yaka- or Suku-Style Conical Initiation Helmet Mask,,,,"This conical Yaka or Suku-related helmet mask has a sharply tapering crown, narrow horizontal eye slit, inset cowrie shells, incised side accents, dark patina, and a perforated lower rim for costume attachment. The vertical cone creates a dramatic silhouette. Its form relates to southwestern Congolese initiation masks.",,1900,Late 19th–early 20th century,Late 19th–early 20th century,,,,"Democratic Republic of the Congo, southwestern region",Physical Object,,Object,,,Jackson State University. (electronic version); JSUMS ART. (electronic version),,,IN COPYRIGHT; http://rightsstatements.org/vocab/InC/1.0/,All rights reserved. Reproduction or redistribution requires written permission from Jackson State University.,Jackson State University.,Jackson State University African Art Collection.,JSU permanent collection,JSUMS ART.,"African Art, Jackson State University.",3321630,.png,1920,2200,,,,,,,,,,,JSU_africanart_JA201504.png,"Yaka or Suku-style, attribution uncertain","Yaka peoples or Suku peoples, possible","Democratic Republic of the Congo, southwestern region, possible","Democratic Republic of the Congo, southwestern region, possible","Carved wood, cowrie shells, possible pigment, plant fiber or raffia, attachment cord","Carved, pierced, inlaid or attached cowries, patinated",Helmet mask / initiation mask / cap-form mask,Possibly associated with initiation performance; exact named type and role not documented,Late 19th–early 20th century,,,conical initiation helmet mask,Untitled object 70,"Moderate: conical mask form supports a Yaka/Suku initiation-mask comparison, but exact named type and performance role are not confirmed.",Interpretive caution: possible initiation object; keep ceremonial/spiritual details limited to public-source comparisons.,,,-2.8797,23.656,image/png
coll071,JA-2015-03,,Boa-Style Plank Face Mask,,,,"This elongated plank-form face mask has a flat reverse, narrow perforated eyes, a pronounced vertical median ridge forming the nose, a rectangular openwork mouth with carved teeth, and abraded white kaolin over dark patina. The stark geometry relates to Boa or related northern Congolese mask traditions. Its pale surface and strong ridge create a striking graphic face.",,1900,Late 19th–early 20th century,Late 19th–early 20th century,,,,"Democratic Republic of the Congo, Uele region",Physical Object,,Object,,,Jackson State University. (electronic version); JSUMS ART. (electronic version),,,IN COPYRIGHT; http://rightsstatements.org/vocab/InC/1.0/,All rights reserved. Reproduction or redistribution requires written permission from Jackson State University.,Jackson State University.,Jackson State University African Art Collection.,JSU permanent collection,JSUMS ART.,"African Art, Jackson State University.",2363761,.png,1920,2200,,,,,,,,,,,JSU_africanart_JA201503.png,"Boa-style, attribution uncertain","Boa peoples, possible","Democratic Republic of the Congo, Uele region, possible","Democratic Republic of the Congo, Uele region, possible","Carved wood, kaolin or white clay pigment, surface patina","Carved, pierced, pigment-applied, patinated",Face mask / masquerade mask,Possibly masquerade performance; exact use not documented,Late 19th–early 20th century,,,plank face mask,,Moderate: existing Boa attribution and mask form support identification; object-specific documentation remains limited.,Interpretive caution: use “Boa-style” unless provenance confirms the attribution and use.,,,-0.8037,11.6094,image/png
coll072,JA-2015-06,,Kwese- or Kete-Style Helmet Mask,,,,"This Kwese or Kete-style circular helmet or face mask has softly modeled rounded features, narrow horizontal eye slits with ochre accents, a small pursed mouth, smooth dark patina, and a thick padded fiber border. The circular form gives the mask a compact, self-contained presence. Its features relate to Kasai-region masking traditions.",,1900,Late 19th–early 20th century,Late 19th–early 20th century,,,,"Democratic Republic of the Congo, Kasai region",Physical Object,,Object,,,Jackson State University. (electronic version); JSUMS ART. (electronic version),,,IN COPYRIGHT; http://rightsstatements.org/vocab/InC/1.0/,All rights reserved. Reproduction or redistribution requires written permission from Jackson State University.,Jackson State University.,Jackson State University African Art Collection.,JSU permanent collection,JSUMS ART.,"African Art, Jackson State University.",4083882,.png,1920,2200,,,,,,,,,,,JSU_africanart_JA201506.png,"Kwese or Kete-style, attribution uncertain","Kwese peoples, Kete peoples, or related Kasai-region peoples, possible","Democratic Republic of the Congo, Kasai region, possible","Democratic Republic of the Congo, Kasai region, possible","Carved wood, pigment, fiber padding or raffia, possible textile and surface patina","Carved, pigment-applied, fiber attachment, patinated",Helmet mask / face mask,Possibly masquerade performance; exact local name and use not documented,Late 19th–early 20th century,,,helmet mask,Untitled object 72,"Moderate: existing metadata and visual comparison support a Kwese/Kete Kasai-region attribution, but exact local name and use are not confirmed.",Interpretive caution: keep subgroup attribution qualified without stronger provenance.,,,-6,22,image/png
coll073,JA-2015-05,,Kuba Bwoom-Style Helmet Mask,,,,"This Kuba-style helmet mask closely resembles the Bwoom type, with rounded helmet form, protruding facial features, side flanges, fiber or textile elements, and applied decorative materials. Bwoom is one of the major Kuba royal mask characters. The mask's volume and richly worked surface suggest the theatrical force of Kuba masquerade.",,,,,,,,"Democratic Republic of the Congo, Kasai region",Physical Object,,Object,,,Jackson State University. (electronic version); JSUMS ART. (electronic version),,,IN COPYRIGHT; http://rightsstatements.org/vocab/InC/1.0/,All rights reserved. Reproduction or redistribution requires written permission from Jackson State University.,Jackson State University.,Jackson State University African Art Collection.,JSU permanent collection,JSUMS ART.,"African Art, Jackson State University.",2169475,.png,1920,2200,,,,,,,,,,,JSU_africanart_JA201505.png,"Kuba-style, probable Bwoom-type attribution","Kuba peoples, possible","Democratic Republic of the Congo, Kasai region, Kuba kingdom area, possible","Democratic Republic of the Congo, Kasai region, Kuba kingdom area, possible","Carved wood, pigment, fiber or textile; possible beads, cowrie shells, metal, leather, fur, or seed pods","Carved, assembled, pigment-applied, fiber/textile attachment",Helmet mask / Bwoom-type royal mask,"By comparison, associated with Kuba royal masquerade and public performance; exact use not documented",,,,Bwoom-style helmet mask,Untitled object 73,"Low to moderate: public image comparison suggests a Kuba Bwoom-type helmet mask, but no object-specific source was confirmed.",Interpretive caution: use “Bwoom-style” unless provenance confirms the exact Kuba mask character and performance context.,,,,,image/png
coll074,JA-2015-07,,Hemba-Style Standing Ancestor Figure,,,,"This Hemba-style standing figure has an elongated columnar body, simplified cylindrical legs divided by a vertical slit, a small schematic head, almond-shaped eyes, restrained facial features, heavy wear, and dark patina. Hemba singiti ancestor figures are associated with lineage commemoration. The figure's simplicity gives it a quiet, enduring presence.",,1900,Late 19th–early 20th century,Late 19th–early 20th century,,,,"Democratic Republic of the Congo, eastern/central Congo region",Physical Object,,Object,,,Jackson State University. (electronic version); JSUMS ART. (electronic version),,,IN COPYRIGHT; http://rightsstatements.org/vocab/InC/1.0/,All rights reserved. Reproduction or redistribution requires written permission from Jackson State University.,Jackson State University.,Jackson State University African Art Collection.,JSU permanent collection,JSUMS ART.,"African Art, Jackson State University.",1522681,.png,1920,2200,,,,,,,,,,,JSU_africanart_JA201507.png,"Hemba-style, attribution probable","Hemba peoples, probable","Democratic Republic of the Congo, eastern/central Congo region, probable","Democratic Republic of the Congo, eastern/central Congo region, probable","Carved wood, dark surface patina, possible oil or pigment","Carved, smoothed, patinated",Ancestor figure / standing figure,"By comparison, possibly commemorative ancestor or lineage figure; exact identity and use not documented",Late 19th–early 20th century,,,standing ancestor figure,Untitled object 74,"Moderate: form supports a Hemba-style ancestor-figure attribution, but specific identity and context are not confirmed.","Interpretive caution: avoid identifying a named ancestor, lineage, or shrine context without object-specific documentation or provenance.",,,-2.8797,23.656,image/png
coll075,JA-2015-08,,Boa Pongdudu-Style Face Mask,,,,"This Boa face mask has projecting circular ring-shaped ears, angular facial planes, perforated round eyes, an open mouth with exposed teeth, compact form, and dark patina. Boa pongdudu-type masks are known for large ring ears and forceful features. This example uses bold geometry to create an expressive, frontal face.",,1900,Late 19th–early 20th century,Late 19th–early 20th century,,,,"Democratic Republic of the Congo, Uele region",Physical Object,,Object,,,Jackson State University. (electronic version); JSUMS ART. (electronic version),,,IN COPYRIGHT; http://rightsstatements.org/vocab/InC/1.0/,All rights reserved. Reproduction or redistribution requires written permission from Jackson State University.,Jackson State University.,Jackson State University African Art Collection.,JSU permanent collection,JSUMS ART.,"African Art, Jackson State University.",1640250,.png,1920,2200,,,,,,,,,,,JSU_africanart_JA201508.png,"Boa-style, attribution probable","Boa peoples, probable","Democratic Republic of the Congo, Uele region, probable","Democratic Republic of the Congo, Uele region, probable","Carved wood, possible pigment, fiber, hair, or surface patina","Carved, pierced, pigment-applied or patinated",Face mask / pongdudu-type mask,"Possibly masquerade, protective, or social-regulatory performance; exact use not documented",Late 19th–early 20th century,,,Boa pongdudu mask,Untitled object 75,"Moderate to high for Boa pongdudu-type mask based on distinctive ring ears, round eyes, and toothed mouth; exact function remains uncertain.",Interpretive caution: keep specific performance or social role cautious without object-specific documentation or provenance.,,,-2.8797,23.656,image/png
coll076,JA-2015-09,,Boa-Style Standing Female Figure with Ring Ears,,,,"This Boa-style standing female figure has compact proportions, large circular ring-shaped ears, an oval head with almond-shaped eyes, straight arms held close to the torso, short bent legs, incised genital detail, and worn surface patina. The ring ears connect the figure visually to Boa sculptural forms from the Uele region. Its compact stance emphasizes bodily presence and frontality.",,1900,Late 19th–early 20th century,Late 19th–early 20th century,,,,"Democratic Republic of the Congo, Uele region",Physical Object,,Object,,,Jackson State University. (electronic version); JSUMS ART. (electronic version),,,IN COPYRIGHT; http://rightsstatements.org/vocab/InC/1.0/,All rights reserved. Reproduction or redistribution requires written permission from Jackson State University.,Jackson State University.,Jackson State University African Art Collection.,JSU permanent collection,JSUMS ART.,"African Art, Jackson State University.",1709839,.png,1920,2200,,,,,,,,,,,JSU_africanart_JA201509.png,"Boa-style, attribution uncertain","Boa peoples, possible","Democratic Republic of the Congo, Uele region, possible","Democratic Republic of the Congo, Uele region, possible","Carved wood, possible pigment, kaolin, oil, or surface patina","Carved, incised, patinated",Standing female figure / figural sculpture,"Possibly ancestor, prestige, protective, or personal figure; exact use not documented",Late 19th–early 20th century,,,standing female figure,Untitled object 76,"Low to moderate: ring-shaped ears support a Boa-style comparison, but public comparanda for Boa female figures are limited.",Interpretive caution: use “Boa-style” unless stronger provenance confirms the attribution.,,,-2.8797,23.656,image/png
coll077,JA-2015-10,,Dan- or We-Style Face Mask with Raffia Beard,,,,"This Dan or We-related face mask has an oval facial plane, half-closed almond-shaped eyes, small pursed mouth, dense incised scarification across the forehead and cheeks, attached raffia beard, feathered crest, and dark burnished patina. The mask's polished face contrasts with the fiber and feather attachments. Its form relates to West African forest-region masking traditions.",,1900,Late 19th–early 20th century,Late 19th–early 20th century,,,,Liberia or Côte d’Ivoire,Physical Object,,Object,,,Jackson State University. (electronic version); JSUMS ART. (electronic version),,,IN COPYRIGHT; http://rightsstatements.org/vocab/InC/1.0/,All rights reserved. Reproduction or redistribution requires written permission from Jackson State University.,Jackson State University.,Jackson State University African Art Collection.,JSU permanent collection,JSUMS ART.,"African Art, Jackson State University.",2134943,.png,1920,2200,,,,,,,,,,,JSU_africanart_JA201510.png,"Dan or We-related peoples, attribution uncertain","Dan peoples, We peoples, or related peoples, possible","Liberia or Cote d’Ivoire, possible","Liberia or Cote d’Ivoire, possible","Carved wood, raffia or plant fiber, feathers, possible pigment or encrusted patina","Carved, incised, attached fiber and feathers, patinated",Face mask / masquerade mask,Possibly masquerade performance; exact named mask type and use not documented,Late 19th–early 20th century,,,face mask with raffia beard,Untitled object 77,"Moderate: existing metadata and public comparisons support a Dan/We regional attribution, but exact subgroup and named mask type are not confirmed.",Interpretive caution: avoid assigning a named masquerade character without object-specific evidence.,,,6.5,-7.5,image/png
coll078,JA-2016-01,,Dogon-Style Vessel Support with Paired Figures,,,,"This Dogon-style vessel support features two kneeling figures facing one another while jointly supporting a bowl or container. The symmetrical composition, elongated limbs, and stylized faces reflect a Dogon sculptural idiom. The object transforms a vessel support into an image of balance, cooperation, and ritualized form.",Unidentified artist,1900,Late 19th–early 20th century,Late 19th–early 20th century,,,,"Mali, Bandiagara Escarpment region",Physical Object,,Object,,,Jackson State University. (electronic version); JSUMS ART. (electronic version),,,IN COPYRIGHT; http://rightsstatements.org/vocab/InC/1.0/,All rights reserved. Reproduction or redistribution requires written permission from Jackson State University.,Jackson State University.,Jackson State University African Art Collection.,JSU permanent collection,JSUMS ART.,"African Art, Jackson State University.",2937898,.png,1920,2200,,,,,,,,,,"Paired kneeling anthropomorphic figures supporting a ritual vessel. Dogon culture, Mali. Carved wood. Late 19th–early 20th century.",JSU_africanart_JA201601.png,"Dogon-style, attribution probable","Dogon peoples, probable","Mali, Bandiagara Escarpment region, possible","Mali, Dogon region, possible","Carved wood, surface patina","Carved, assembled or integrated vessel support, patinated",Ceremonial vessel support / figural support,"Possibly support for a vessel, offering, shrine, or spiritual context; exact use not documented",Late 19th–early 20th century,Part of the Jackson State University Permanent African Art Collection. Specific acquisition history currently unknown.,"Collected for educational study, exhibition, and research within the Jackson State University Department of Art.",vessel support,,Moderate: form supports a Dogon-style vessel support attribution; exact context is undocumented.,Interpretive caution: avoid claiming a specific shrine or ceremonial/spiritual use without object-specific documentation or provenance.,,,,,image/png
coll079,JA-2016-02,,Suku Hemba-Type Helmet Mask,,,,"This Suku helmet mask of the hemba type has a rounded cranial form, heavy-lidded eyes, projecting nose, broad open mouth with teeth, mineral-encrusted or worn surface, and evidence of handling. Hemba-type masks are associated with Suku initiation contexts. The expressive mouth and rounded head give the mask a powerful public character.",,1900,Late 19th–early 20th century,Late 19th–early 20th century,,,,"Democratic Republic of the Congo, southwestern region",Physical Object,,Object,,,Jackson State University. (electronic version); JSUMS ART. (electronic version),,,IN COPYRIGHT; http://rightsstatements.org/vocab/InC/1.0/,All rights reserved. Reproduction or redistribution requires written permission from Jackson State University.,Jackson State University.,Jackson State University African Art Collection.,JSU permanent collection,JSUMS ART.,"African Art, Jackson State University.",2731868,.png,1920,2200,,,,,,,,,,,JSU_africanart_JA201602.png,"Suku peoples, attribution probable",Suku peoples,"Democratic Republic of the Congo, southwestern region, probable","Democratic Republic of the Congo, southwestern region, probable","Carved wood, possible pigment, mineral accretions, plant fiber, reed, or metal attachments","Carved, pigment-applied or encrusted, patinated",Helmet mask / hemba-type initiation mask,"By comparison, associated with initiation and elder/ancestral imagery; exact use not documented",Late 19th–early 20th century,,,Suku hemba mask,Untitled object 79,Moderate to high: visual features match Suku hemba helmet-mask records; exact performer and initiation context are undocumented.,Interpretive caution: possible initiation object; keep ritual detail limited to public-source comparisons.,,,-2.8797,23.656,image/png
coll080,JA-2016-03,,Yoruba Ceremonial Staff with Figural Finial,,,,"This Yoruba vertical ceremonial staff is carved from wood and surmounted by a squatting figure holding or supporting a vessel. Stacked geometric and mask-like motifs structure the shaft below. Yoruba carved staffs can be associated with shrine, ceremonial, or prestige contexts, where sculptural form marks spiritual and social significance.",,1900,Late 19th–early 20th century,Late 19th–early 20th century,,,,"Nigeria, Yorubaland",Physical Object,,Object,,,Jackson State University. (electronic version); JSUMS ART. (electronic version),,,IN COPYRIGHT; http://rightsstatements.org/vocab/InC/1.0/,All rights reserved. Reproduction or redistribution requires written permission from Jackson State University.,Jackson State University.,Jackson State University African Art Collection.,JSU permanent collection,JSUMS ART.,"African Art, Jackson State University.",1332767,.png,1920,2200,,,,,,,,,,,JSU_africanart_JA201603.png,"Yoruba peoples, attribution probable",Yoruba peoples,"Nigeria, Yorubaland, probable","Nigeria, Yorubaland, probable","Carved wood, possible pigment or surface patina","Carved, incised, patinated",Ceremonial staff / ritual staff,"Possibly shrine, ceremonial, prestige, or ceremonial staff; exact association not documented",Late 19th–early 20th century,,,ceremonial staff,Untitled object 80,"Moderate: existing metadata supports Yoruba attribution and staff form, but the specific orisha or local staff type is not confirmed.",Interpretive caution: avoid assigning to a specific deity or society without object-specific evidence.,,,9.082,8.6753,image/png
coll081,JA-2016-04,,Yoruba Gelede-Style Helmet Mask with Superstructure,,,,"This Yoruba helmet mask relates to the Gelede masking tradition and presents a stylized human face with half-closed eyes, projecting nose, small mouth, dotted polychrome surface, and an openwork superstructure rising above the head. Gelede masks honor female spiritual power, social balance, and communal performance. The elevated superstructure gives the mask a lively architectural presence.",,1900,Late 19th–early 20th century,Late 19th–early 20th century,,,,"Nigeria or Benin, Yorubaland",Physical Object,,Object,,,Jackson State University. (electronic version); JSUMS ART. (electronic version),,,IN COPYRIGHT; http://rightsstatements.org/vocab/InC/1.0/,All rights reserved. Reproduction or redistribution requires written permission from Jackson State University.,Jackson State University.,Jackson State University African Art Collection.,JSU permanent collection,JSUMS ART.,"African Art, Jackson State University.",2323747,.png,1920,2200,,,,,,,,,,,JSU_africanart_JA201604.png,"Yoruba Gelede-style, attribution probable","Yoruba peoples, probable","Nigeria or Benin, Yorubaland, probable","Nigeria or Benin, Yorubaland, probable","Carved wood, pigment, possible former fiber or attachment cord","Carved, openwork, pigment-applied",Helmet mask / Gelede-type mask,"By comparison, associated with Gelede performances honoring women, elders, mothers, and community values; exact use not documented",,,,Gelede helmet mask,Untitled object 81,Moderate: visual evidence supports a Yoruba Gelede-type helmet mask; exact regional style and performance context are unconfirmed.,Interpretive caution: avoid assigning specific iconographic meaning to the superstructure without source evidence.,,,,,image/png
coll082,JA-2016-05,,Chokwe Pwo or Mwana Pwo-Style Face Mask,,,,"This Chokwe pwo or mwana pwo face mask has an oval face, high forehead, heavy-lidded eyes, small ears, long nose, open mouth with carved teeth, incised coiffure band, and worn light and dark patina. The mask aligns with Chokwe representations of idealized womanhood and female ancestors. Its refined features emphasize beauty, poise, and social identity.",,1900,Late 19th–early 20th century,Late 19th–early 20th century,,,,"Angola or Democratic Republic of the Congo, Chokwe region",Physical Object,,Object,,,Jackson State University. (electronic version); JSUMS ART. (electronic version),,,IN COPYRIGHT; http://rightsstatements.org/vocab/InC/1.0/,All rights reserved. Reproduction or redistribution requires written permission from Jackson State University.,Jackson State University.,Jackson State University African Art Collection.,JSU permanent collection,JSUMS ART.,"African Art, Jackson State University.",3718179,.png,1920,2200,,,,,,,,,,,JSU_africanart_JA201605.png,"Chokwe-style, probable attribution","Chokwe peoples, probable","Angola or Democratic Republic of the Congo, Chokwe region, probable","Angola or Democratic Republic of the Congo, Chokwe region, probable","Carved wood, pigment or kaolin/tukula traces, surface patina","Carved, incised, pigment-applied, patinated",Face mask / pwo or mwana pwo mask,"By comparison, associated with masquerade representations of idealized womanhood or female ancestors; exact use not documented",,,,pwo mask,Untitled object 82,Moderate to high: image closely matches Chokwe pwo/mwana pwo masks; exact local variant and performance context are undocumented.,Interpretive caution: avoid claiming a represented individual or performance history without object-specific documentation or provenance.,,,,,image/png
coll083,JA-2016-06,,Chokwe-Style Seated Female Figure,,,,"This Chokwe-style seated female figure has articulated or outstretched legs, elongated torso, exposed breasts, finely modeled head, half-closed eyes, incised coiffure, and dense scarification motifs across the face and body. The scarification and facial style relate to Chokwe ideals of beauty and identity. The seated pose gives the figure a grounded, self-possessed presence.",,1900,Late 19th–early 20th century,Late 19th–early 20th century,,,,"Angola or Democratic Republic of the Congo, Chokwe region",Physical Object,,Object,,,Jackson State University. (electronic version); JSUMS ART. (electronic version),,,IN COPYRIGHT; http://rightsstatements.org/vocab/InC/1.0/,All rights reserved. Reproduction or redistribution requires written permission from Jackson State University.,Jackson State University.,Jackson State University African Art Collection.,JSU permanent collection,JSUMS ART.,"African Art, Jackson State University.",1889592,.png,1920,2200,,,,,,,,,,,JSU_africanart_JA201606.png,"Chokwe-style, attribution probable","Chokwe peoples, probable","Angola or Democratic Republic of the Congo, Chokwe region, probable","Angola or Democratic Republic of the Congo, Chokwe region, probable","Carved wood, possible pigment, oil, or surface patina","Carved, incised, patinated",Female figure / seated figure,"Possibly prestige, ancestor, fertility, or personal figure; exact use not documented",,,,seated female figure,Untitled object 83,"Moderate: visual features strongly suggest Chokwe female figure sculpture, but specific function and identity are not confirmed.",Interpretive caution: avoid assigning identity or ceremonial/spiritual use without object-specific documentation or provenance.,,,,,image/png
coll084,JA-2017-12,,Dan Ceremonial Spoon or Feast Ladle (Wunkirmian/Wakemia Type),,,,"This Dan ceremonial spoon or feast ladle has a large oval bowl and a long handle surmounted by a stylized female head with incised coiffure and facial features. Dan spoons, often called wunkirmian or wakemia, are prestige objects associated with hospitality, generosity, and women honored for feast-making roles. The object joins utility, sculpture, and social recognition.",,1900,Late 19th–early 20th century,Late 19th–early 20th century,,,,"Liberia or Côte d’Ivoire, Dan region",Physical Object,,Object,,,Jackson State University. (electronic version); JSUMS ART. (electronic version),,,IN COPYRIGHT; http://rightsstatements.org/vocab/InC/1.0/,All rights reserved. Reproduction or redistribution requires written permission from Jackson State University.,Jackson State University.,Jackson State University African Art Collection.,JSU permanent collection,JSUMS ART.,"African Art, Jackson State University.",1028942,.png,1920,2200,,,,,,,,,,,JSU_africanart_JA201712.png,Dan peoples,Dan peoples,"Liberia or Cote d’Ivoire, Dan region","Liberia or Cote d’Ivoire, Dan region","Carved wood, handled surface patina","Carved, smoothed, patinated",Ceremonial spoon / feast ladle / wunkirmian or wakemia type,"Prestige ladle associated by comparison with feast-making, hospitality, and women’s status; object-specific history not documented",,,,ceremonial spoon,Untitled object 84,High for Dan ceremonial spoon type based on image and close museum parallels; owner and local history remain undocumented.,Interpretive caution: avoid identifying a named owner or specific title-holder without object-specific documentation or provenance.,,,,,image/png
coll085,JA-2017-02,,Central African Face Mask with Ridged Coiffure,,,,"This Central African wooden mask has half-closed slit eyes, a long straight nose, open rectangular mouth, broad rounded face, weathered pigment, and a high ridged coiffure or crest. The refined modeling and ribbed coiffure relate to Chokwe or Pende-related mask traditions. Its calm face contrasts with the strong vertical crest.",,1900,Late 19th–early 20th century,Late 19th–early 20th century,,,,Angola or Democratic Republic of the Congo,Physical Object,,Object,,,Jackson State University. (electronic version); JSUMS ART. (electronic version),,,IN COPYRIGHT; http://rightsstatements.org/vocab/InC/1.0/,All rights reserved. Reproduction or redistribution requires written permission from Jackson State University.,Jackson State University.,Jackson State University African Art Collection.,JSU permanent collection,JSUMS ART.,"African Art, Jackson State University.",3443702,.png,1920,2200,,,,,,,,,,,JSU_africanart_JA201702.png,"Chokwe or Pende-related Central African peoples, attribution uncertain","Chokwe peoples, Pende peoples, or related peoples, possible","Angola or Democratic Republic of the Congo, uncertain","Angola or Democratic Republic of the Congo, uncertain","Carved wood, pigment, surface patina","Carved, incised, pigment-applied, patinated",Face mask / masquerade mask,Possibly masquerade performance; exact use not documented,,,,face mask,Untitled object 85,"Low to moderate: image suggests Chokwe or Pende-related Central African mask traditions, but distinguishing features are insufficient for firm attribution.",Interpretive caution: avoid assigning a named mask type without additional evidence.,,,,,image/png
coll086,JA-2017-03,,Small Central African Maskette,,,,"This small dark wooden maskette has an elongated oval face, rounded forehead, shallow pierced eyes, worn dark surface, and pointed lower chin. Its compact scale suggests a personal or association object rather than a full performance mask. The reduced features create an intimate, quietly expressive face.",,1900,Late 19th–early 20th century,Late 19th–early 20th century,,,,"Democratic Republic of the Congo, eastern Congo region",Physical Object,,Object,,,Jackson State University. (electronic version); JSUMS ART. (electronic version),,,IN COPYRIGHT; http://rightsstatements.org/vocab/InC/1.0/,All rights reserved. Reproduction or redistribution requires written permission from Jackson State University.,Jackson State University.,Jackson State University African Art Collection.,JSU permanent collection,JSUMS ART.,"African Art, Jackson State University.",1973228,.png,1920,2200,,,,,,,,,,,JSU_africanart_JA201703.png,"Central African peoples, possibly Lega-related, attribution uncertain","Lega or related peoples, possible","Democratic Republic of the Congo, possibly eastern Congo region","Democratic Republic of the Congo, possibly eastern Congo region","Carved wood, dark surface patina, possible pigment","Carved, pierced, patinated",Maskette / small face mask,"Possibly association, initiation, or personal object; exact use not documented",,,,maskette,Untitled object 86,"Low: image suggests a Central African maskette, possibly Lega-related, but evidence is insufficient for firm attribution.",Interpretive caution: keep attribution and function tentative without stronger evidence.,,,,,image/png
coll087,JA-2017-05,,Lega Lukwakongo-Style Maskette,,,,"This small light-colored Lega-type maskette has a rounded forehead, long narrow projecting nose, small oval eye openings, and elongated lower face. The pale surface recalls kaolin-coated Bwami maskettes. Its compact form and softened modeling relate to lukwakongo-type Lega objects used for instruction and rank.",,1900,Late 19th–early 20th century,Late 19th–early 20th century,,,,"Democratic Republic of the Congo, eastern Congo region",Physical Object,,Object,,,Jackson State University. (electronic version); JSUMS ART. (electronic version),,,IN COPYRIGHT; http://rightsstatements.org/vocab/InC/1.0/,All rights reserved. Reproduction or redistribution requires written permission from Jackson State University.,Jackson State University.,Jackson State University African Art Collection.,JSU permanent collection,JSUMS ART.,"African Art, Jackson State University.",1808485,.png,1920,2200,,,,,,,,,,,JSU_africanart_JA201705.png,"Lega-style, likely Lega peoples","Lega peoples, probable","Democratic Republic of the Congo, eastern Congo region, probable","Democratic Republic of the Congo, eastern Congo region, probable","Carved wood, light pigment or kaolin, surface patina","Carved, pierced, pigment-applied, patinated",Maskette / lukwakongo-type mask / Bwami association object,"By comparison, associated with Bwami initiation and rank instruction; exact object meaning not documented",,,,Lega maskette,Untitled object 87,"Moderate to high: image matches Lega lukwakongo-type maskettes, though exact Bwami category is undocumented.",Interpretive caution: possible initiation-society or association object; keep grade and meaning descriptions cautious.,,,,,image/png
coll088,JA-2017-07,,Lega Lukwakongo-Style Maskette,,,,"This small Lega-type maskette has a heart-shaped face framed by raised brow and cheek planes, a central vertical ridge, small pierced eyes, pointed lower face, and worn light and dark surface. The heart-shaped face and compact scale relate to Lega lukwakongo-type maskettes. Its graphic simplicity gives the object a memorable presence.",,1900,Late 19th–early 20th century,Late 19th–early 20th century,,,,"Democratic Republic of the Congo, eastern Congo region",Physical Object,,Object,,,Jackson State University. (electronic version); JSUMS ART. (electronic version),,,IN COPYRIGHT; http://rightsstatements.org/vocab/InC/1.0/,All rights reserved. Reproduction or redistribution requires written permission from Jackson State University.,Jackson State University.,Jackson State University African Art Collection.,JSU permanent collection,JSUMS ART.,"African Art, Jackson State University.",2733970,.png,1920,2200,,,,,,,,,,,JSU_africanart_JA201707.png,"Lega-style, likely Lega peoples","Lega peoples, probable","Democratic Republic of the Congo, eastern Congo region, probable","Democratic Republic of the Congo, eastern Congo region, probable","Carved wood, pigment or kaolin traces, surface patina","Carved, pierced, pigment-applied, patinated",Maskette / lukwakongo-type mask / Bwami association object,"By comparison, associated with Bwami initiation and rank instruction; exact object meaning not documented",,,,Lega maskette,Untitled object 88,Moderate to high: image closely matches Lega lukwakongo-type maskettes; exact Bwami grade and meaning are undocumented.,Interpretive caution: possible initiation-society or association object; avoid unsupported details of restricted meaning.,,,,,image/png
coll089,JA-2017-08,,Oval Face Mask with Red Eye Accents,,,,"This oval face mask has a rounded forehead, oval eyes edged with reddish pigment, a long straight nose, open oval mouth, dark surface, and vertical red and light markings down the face. The mask's strong central axis and painted accents create a visually direct expression. Its form relates broadly to Central or West-Central African masking traditions.",,1900,Late 19th–early 20th century,Late 19th–early 20th century,,,,Central or West-Central Africa,Physical Object,,Object,,,Jackson State University. (electronic version); JSUMS ART. (electronic version),,,IN COPYRIGHT; http://rightsstatements.org/vocab/InC/1.0/,All rights reserved. Reproduction or redistribution requires written permission from Jackson State University.,Jackson State University.,Jackson State University African Art Collection.,JSU permanent collection,JSUMS ART.,"African Art, Jackson State University.",3219944,.png,1920,2200,,,,,,,,,,,JSU_africanart_JA201708.png,Unidentified Central or West-Central African peoples,Unidentified,"Central or West-Central Africa, exact place unknown","Central or West-Central Africa, exact place unknown","Carved wood, pigment, surface patina","Carved, pierced, pigment-applied, patinated",Face mask / masquerade mask,Possibly masquerade performance; exact use not documented,,,,oval face mask,Untitled object 89,Low: image shows an African face mask but diagnostic cultural features are insufficient for a confident attribution.,Interpretive caution: descriptive title is preferable until stronger evidence supports a specific attribution.,,,,,image/png
coll090,JA-2017-10,,Lega Lukwakongo-Style Maskette with Raffia Beard,,,,"This small Lega-type maskette has an elongated oval face, half-closed slit eyes, long straight nose, small mouth, light and dark patina, and attached plant-fiber beard. The pale surface traces and fiber beard relate closely to Lega lukwakongo maskettes associated with Bwami society. Its reduced features encourage close, contemplative viewing.",,1900,Late 19th–early 20th century,Late 19th–early 20th century,,,,"Democratic Republic of the Congo, eastern Congo region",Physical Object,,Object,,,Jackson State University. (electronic version); JSUMS ART. (electronic version),,,IN COPYRIGHT; http://rightsstatements.org/vocab/InC/1.0/,All rights reserved. Reproduction or redistribution requires written permission from Jackson State University.,Jackson State University.,Jackson State University African Art Collection.,JSU permanent collection,JSUMS ART.,"African Art, Jackson State University.",2430853,.png,1920,2200,,,,,,,,,,,JSU_africanart_JA201710.png,"Lega-style, likely Lega peoples","Lega peoples, probable","Democratic Republic of the Congo, eastern Congo region, probable","Democratic Republic of the Congo, eastern Congo region, probable","Carved wood, plant fiber or raffia beard, pigment or kaolin traces, surface patina","Carved, pierced, pigment-applied, fiber attachment",Maskette / lukwakongo-style mask / Bwami association object,"By comparison, associated with Bwami initiation and rank instruction; exact object meaning not documented",,,,Lega maskette,Untitled object 90,High: image closely matches Lega lukwakongo maskettes with fiber beards; exact grade and meaning are undocumented.,Interpretive caution: possible initiation-society or association object; describe respectfully and avoid unsupported restricted meanings.,,,,,image/png
coll091,JA-2017-11,,Lega-Style Face Mask,,,,"This large oval wooden face mask has a broad rounded forehead, long central nose, small mouth, hollowed oval eyes, concave facial planes, and dark gray-brown surface. The abstract heart-like facial structure recalls Lega Bwami masks and related eastern Congolese mask traditions. Its broad planes create a calm, monumental face.",,1900,Late 19th–early 20th century,Late 19th–early 20th century,,,,"Democratic Republic of the Congo, eastern Congo region",Physical Object,,Object,,,Jackson State University. (electronic version); JSUMS ART. (electronic version),,,IN COPYRIGHT; http://rightsstatements.org/vocab/InC/1.0/,All rights reserved. Reproduction or redistribution requires written permission from Jackson State University.,Jackson State University.,Jackson State University African Art Collection.,JSU permanent collection,JSUMS ART.,"African Art, Jackson State University.",3818408,.png,1920,2200,,,,,,,,,,,JSU_africanart_JA201711.png,"Lega-style or related Central African, attribution uncertain","Lega peoples, possible","Democratic Republic of the Congo, possibly eastern Congo region","Democratic Republic of the Congo, possibly eastern Congo region","Carved wood, dark pigment or surface patina","Carved, pierced, patinated",Face mask / possible Bwami association mask,Possibly associated with Bwami or related instruction/initiation contexts; exact use not documented,,,,face mask,Untitled object 91,"Low to moderate: visual features suggest Lega or Lega-related mask traditions, but exact type and function are not confirmed.",Interpretive caution: possible association object; keep function and grade descriptions cautious.,,,,,image/png
coll092,JA-2017-01,,Chokwe Pwo or Mwana Pwo-Style Face Mask,,,,"This Chokwe-type face mask has a light-toned face, half-closed almond-shaped eyes, long straight nose, small square mouth, incised cheek and forehead scarification, and side fiber or raffia elements. The facial ideal, scarification, and coiffure treatment relate to pwo or mwana pwo masking traditions. The mask emphasizes beauty through stillness, symmetry, and refined detail.",,1900,Late 19th–early 20th century,Late 19th–early 20th century,,,,"Angola or Democratic Republic of the Congo, Chokwe region",Physical Object,,Object,,,Jackson State University. (electronic version); JSUMS ART. (electronic version),,,IN COPYRIGHT; http://rightsstatements.org/vocab/InC/1.0/,All rights reserved. Reproduction or redistribution requires written permission from Jackson State University.,Jackson State University.,Jackson State University African Art Collection.,JSU permanent collection,JSUMS ART.,"African Art, Jackson State University.",4280562,.png,1920,2200,,,,,,,,,,,JSU_africanart_JA201701.png,"Chokwe-style, probable attribution","Chokwe peoples, probable","Angola or Democratic Republic of the Congo, Chokwe region, probable","Angola or Democratic Republic of the Congo, Chokwe region, probable","Carved wood, pigment or kaolin, plant fiber or raffia, surface patina","Carved, incised, pigment-applied, fiber attachment",Face mask / pwo or mwana pwo mask,"By comparison, associated with masquerade representations of idealized womanhood or female ancestors; exact use not documented",,,,pwo mask,Untitled object 92,Moderate to high: image matches Chokwe pwo/mwana pwo mask features; exact local variant is undocumented.,Interpretive caution: avoid claiming the identity of a represented woman or performance history without object-specific documentation or provenance.,,,,,image/png
coll093,JA-2017-04,,"Dan-We, Kran, or Grebo-Style Face Mask",,,,"This elongated mask has sharply pointed ear- or horn-like projections, a long central nose ridge, narrow downcast eyes, white facial surface with black markings, and a dark upper surface. The assertive silhouette relates to Dan-We, Kran, Grebo, and neighboring West African forest-region masks. The contrast of pale face and dark upper form gives it a dramatic presence.",,1900,Late 19th–early 20th century,Late 19th–early 20th century,,,,Liberia or Côte d’Ivoire,Physical Object,,Object,,,Jackson State University. (electronic version); JSUMS ART. (electronic version),,,IN COPYRIGHT; http://rightsstatements.org/vocab/InC/1.0/,All rights reserved. Reproduction or redistribution requires written permission from Jackson State University.,Jackson State University.,Jackson State University African Art Collection.,JSU permanent collection,JSUMS ART.,"African Art, Jackson State University.",3157804,.png,1920,2200,,,,,,,,,,,JSU_africanart_JA201704.png,"Dan-We, Kran, Grebo, or related West African forest-region peoples, attribution uncertain","Dan, We, Kran, or Grebo peoples, possible","Liberia or Cote d’Ivoire, possible","Liberia or Cote d’Ivoire, possible","Carved wood, pigment, possible former fiber attachments","Carved, pigment-applied, patinated",Face mask / masquerade mask,Possibly masquerade performance; exact named character and use not documented,,,,face mask,Untitled object 93,"Low to moderate: image suggests a Dan-We/Kran/Grebo regional mask, but exact subgroup and named type are not confirmed.",Interpretive caution: avoid assigning a named mask character without object-specific documentation or provenance or costume context.,,,,,image/png
coll094,JA-2017-06,,Kete- or Kuba-Style Face Mask,,,,"This wooden face mask has an elongated oval face, sharply projecting central nose ridge, narrow slanted eyes, small horizontal mouth, dark and reddish-brown pigment, striated side panels, and fiber edging. Its angular features and surface patterning relate to Kete or Kuba-related masks from the Kasai region of the Democratic Republic of the Congo. The mask's elongated face creates a strong vertical rhythm.",,1900,Late 19th–early 20th century,Late 19th–early 20th century,,,,"Democratic Republic of the Congo, Kasai region",Physical Object,,Object,,,Jackson State University. (electronic version); JSUMS ART. (electronic version),,,IN COPYRIGHT; http://rightsstatements.org/vocab/InC/1.0/,All rights reserved. Reproduction or redistribution requires written permission from Jackson State University.,Jackson State University.,Jackson State University African Art Collection.,JSU permanent collection,JSUMS ART.,"African Art, Jackson State University.",4331627,.png,1920,2200,,,,,,,,,,,JSU_africanart_JA201706.png,"Kete or Kuba-related peoples, attribution uncertain","Kete peoples, Kuba peoples, or related Kasai-region peoples, possible","Democratic Republic of the Congo, Kasai region, possible","Democratic Republic of the Congo, Kasai region, possible","Carved wood, pigment, plant fiber or raffia, surface patina","Carved, incised, pigment-applied, fiber attachment",Face mask / masquerade mask,Possibly masquerade performance; exact mask name and use not documented,,,,face mask,Untitled object 94,"Moderate: image closely resembles Kete/Kuba mask forms, but exact subgroup, name, and performance context are undocumented.",Interpretive caution: keep Kasai/Kete/Kuba attribution qualified unless a source confirms the exact mask type.,,,,,image/png
coll095,JA-2017-09,,West-Central African White-Face Mask,,,,"This elongated black-and-white face mask has a domed cap-like crown, long narrow face, prominent central ridge or nose, small oval eyes, pointed lower face, and contrasting light pigment on the upper face. The white facial field and abstract structure relate to West-Central African white-mask traditions. Its stark color contrast gives the object graphic force.",,1900,Late 19th–early 20th century,Late 19th–early 20th century,,,,"Gabon, Republic of the Congo, or neighboring West-Central Africa",Physical Object,,Object,,,Jackson State University. (electronic version); JSUMS ART. (electronic version),,,IN COPYRIGHT; http://rightsstatements.org/vocab/InC/1.0/,All rights reserved. Reproduction or redistribution requires written permission from Jackson State University.,Jackson State University.,Jackson State University African Art Collection.,JSU permanent collection,JSUMS ART.,"African Art, Jackson State University.",2926048,.png,1920,2200,,,,,,,,,,,JSU_africanart_JA201709.png,"West-Central African peoples, attribution uncertain",Unidentified; possibly Gabon/Congo region peoples,"Gabon, Republic of the Congo, or neighboring West-Central Africa, uncertain","Gabon, Republic of the Congo, or neighboring West-Central Africa, uncertain","Carved wood, black and white pigment or kaolin, surface patina","Carved, pigment-applied, patinated",Face mask / white-face mask,Possibly masquerade performance; exact use not documented,,,,white-face mask,Untitled object 95,"Low: visual features suggest West-Central African white-mask traditions, but diagnostic evidence is insufficient for confident attribution.",Interpretive caution: descriptive title is safer than naming a specific people or society without corroborating evidence.,,,,,image/png
coll096,JA-2018-13,,Fon- or Ewe-Fon-Style Power Figure (Bocio Type),,,,"This composite power figure has a carved wooden head and post-like base, cloth-wrapped body, fiber bindings, cowrie shells, cords, and accumulated surface materials. The wrappings and cowries create a dense protective form. Its construction relates to Fon or Ewe-Fon bocio power objects from Benin and neighboring areas.",,1900,Late 19th–early 20th century,Late 19th–early 20th century,,,,Benin or neighboring West Africa,Physical Object,,Object,,,Jackson State University. (electronic version); JSUMS ART. (electronic version),,,IN COPYRIGHT; http://rightsstatements.org/vocab/InC/1.0/,All rights reserved. Reproduction or redistribution requires written permission from Jackson State University.,Jackson State University.,Jackson State University African Art Collection.,JSU permanent collection,JSUMS ART.,"African Art, Jackson State University.",2274074,.png,1920,2200,,,,,,,,,,,JSU_africanart_JA201813.png,"Fon or Ewe-Fon-style, attribution uncertain","Fon peoples or related Ewe-Fon peoples, possible","Benin or neighboring West Africa, possible","Benin or neighboring West Africa, possible","Carved wood, cloth, cowrie shells, fiber, cord, leather or hide, possible organic accretions","Carved, wrapped, bound, assembled, accretive surface treatment",Power figure / bocio-type composite ceremonial or spiritually significant object,"Possibly protective, healing, divinatory, or oath-related power object; exact use not documented",,,,bocio-type power figure,Untitled object 96,Moderate: image strongly resembles Fon/Ewe-Fon bocio power objects; object-specific provenance and contents are undocumented.,"Interpretive caution: potentially culturally or spiritually sensitive object; avoid identifying inserted materials, contents, or ceremonial or spiritual purpose beyond visible evidence and documented comparanda.",,,,,image/png
coll097,JA-2018-03,,Chokwe Pwo or Mwana Pwo-Style Face Mask,,,,"This wooden face mask has an oval face, incised striated coiffure, half-closed eyes, long narrow nose, open rectangular mouth, reddish-brown surface, and incised facial markings. The refined face, calm expression, and coiffure closely recall Chokwe pwo or mwana pwo masks. Its measured features convey poise and idealized beauty.",,1900,Late 19th–early 20th century,Late 19th–early 20th century,,,,"Angola or Democratic Republic of the Congo, Chokwe region",Physical Object,,Object,,,Jackson State University. (electronic version); JSUMS ART. (electronic version),,,IN COPYRIGHT; http://rightsstatements.org/vocab/InC/1.0/,All rights reserved. Reproduction or redistribution requires written permission from Jackson State University.,Jackson State University.,Jackson State University African Art Collection.,JSU permanent collection,JSUMS ART.,"African Art, Jackson State University.",2437129,.png,1920,2200,,,,,,,,,,,JSU_africanart_JA201803.png,"Chokwe-style, probable attribution","Chokwe peoples, probable","Angola or Democratic Republic of the Congo, Chokwe region, probable","Angola or Democratic Republic of the Congo, Chokwe region, probable","Carved wood, pigment, surface patina","Carved, incised, pigment-applied, patinated",Face mask / pwo or mwana pwo-type mask,"By comparison, associated with masquerade representations of idealized womanhood or female ancestors; exact use not documented",,,,pwo mask,Untitled object 97,"Moderate: image supports a Chokwe pwo/mwana pwo-type attribution, but exact local variant and use are undocumented.",Interpretive caution: use “style” or “type” unless provenance confirms a specific Chokwe community and performance context.,,,,,image/png
coll098,JA-2018-02,,Yaka- or Suku-Style Initiation Mask (Ndeemba/Kholuka Type),,,,"This Yaka or Suku-related initiation mask has a white-painted wooden face, square eye openings, projecting central nose ridge, small mouth, vertical nasal detail, dark cap or crown, and large raffia collar. The form parallels Ndeemba or Kholuka masks associated with mukanda or n-khanda initiation contexts in southwestern Democratic Republic of the Congo. The raffia collar would have animated the mask in performance.",,1900,Late 19th–early 20th century,Late 19th–early 20th century,,,,"Democratic Republic of the Congo, southwestern region",Physical Object,,Object,,,Jackson State University. (electronic version); JSUMS ART. (electronic version),,,IN COPYRIGHT; http://rightsstatements.org/vocab/InC/1.0/,All rights reserved. Reproduction or redistribution requires written permission from Jackson State University.,Jackson State University.,Jackson State University African Art Collection.,JSU permanent collection,JSUMS ART.,"African Art, Jackson State University.",6620478,.png,1920,2200,,,,,,,,,,,JSU_africanart_JA201802.png,"Yaka or Suku-style, attribution probable","Yaka peoples or Suku peoples, probable","Democratic Republic of the Congo, southwestern region, probable","Democratic Republic of the Congo, southwestern region, probable","Carved wood, white pigment or kaolin, plant fiber or raffia, possible cloth and cord","Carved, pigment-applied, fiber attachment, assembled costume element",Initiation mask / helmet or face mask with raffia collar,"By comparison, associated with boys’ initiation performances; exact local name and use are not documented",,,,initiation mask,Untitled object 98,Moderate to high: image matches Yaka/Suku initiation masks with carved face and raffia collar; exact named type is uncertain.,Interpretive caution: possible initiation object; avoid describing restricted meanings beyond public museum references.,,,,,image/png
coll099,JA-2018-04,,Central African Face Mask with Incised Linear Markings,,,,"This Central African wooden mask has an elongated oval face, half-closed slit eyes, long straight nose, open oval mouth, red-brown and dark pigment fields, and incised linear markings on the forehead and cheeks. The calm facial treatment relates to Chokwe, Pende, and related Central African mask traditions. Its balanced face and warm surface tones create a composed presence.",,1900,Late 19th–early 20th century,Late 19th–early 20th century,,,,Angola or Democratic Republic of the Congo,Physical Object,,Object,,,Jackson State University. (electronic version); JSUMS ART. (electronic version),,,IN COPYRIGHT; http://rightsstatements.org/vocab/InC/1.0/,All rights reserved. Reproduction or redistribution requires written permission from Jackson State University.,Jackson State University.,Jackson State University African Art Collection.,JSU permanent collection,JSUMS ART.,"African Art, Jackson State University.",2085466,.png,1920,2200,,,,,,,,,,,JSU_africanart_JA201804.png,"Central African peoples, possibly Chokwe or Pende-related, attribution uncertain","Chokwe, Pende, or related peoples, possible","Angola or Democratic Republic of the Congo, uncertain","Angola or Democratic Republic of the Congo, uncertain","Carved wood, pigment, surface patina","Carved, incised, pigment-applied, patinated",Face mask / masquerade mask,Possibly masquerade performance; exact use not documented,,,,face mask,Untitled object 99,Low to moderate: visual evidence suggests Central African mask traditions but is insufficient for a firm cultural attribution.,Interpretive caution: avoid assigning a specific named mask type without stronger provenance or comparative evidence.,,,,,image/png
coll100,JA-2018-01,,Kasai-Region Style Painted Face Mask,,,,"This rounded wooden mask has bold black and reddish-brown pigment fields, rectangular eye slits, long central nose, square open mouth with carved teeth, white painted markings, and fiber edging. The geometric color arrangement relates to Kasai-region masks from the Democratic Republic of the Congo, including Kuba-Kete or Pende-related traditions. The mask's sharp contrasts create a vivid public face.",,1900,Late 19th–early 20th century,Late 19th–early 20th century,,,,"Democratic Republic of the Congo, Kasai region",Physical Object,,Object,,,Jackson State University. (electronic version); JSUMS ART. (electronic version),,,IN COPYRIGHT; http://rightsstatements.org/vocab/InC/1.0/,All rights reserved. Reproduction or redistribution requires written permission from Jackson State University.,Jackson State University.,Jackson State University African Art Collection.,JSU permanent collection,JSUMS ART.,"African Art, Jackson State University.",2487463,.png,1920,2200,,,,,,,,,,,JSU_africanart_JA201801.png,"Kasai-region peoples, possibly Kuba-Kete or Pende-related, attribution uncertain","Kuba, Kete, Pende, or related peoples, possible","Democratic Republic of the Congo, Kasai region, possible","Democratic Republic of the Congo, Kasai region, possible","Carved wood, pigment, plant fiber or raffia, surface patina","Carved, pierced, pigment-applied, fiber attachment",Painted face mask / masquerade mask,Possibly masquerade performance; exact mask type and use not documented,,,,painted face mask,Untitled object 100,"Low to moderate: visual evidence suggests a Kasai-region mask, possibly Kuba-Kete or Pende-related, but exact attribution is uncertain.",Interpretive caution: keep Kasai attribution tentative until a source confirms the mask type or people.,,,,,image/png
coll101,JA-2018-05,,Lega Lukwakongo-Style Maskette with Raffia Beard,,,,"This small Lega-type maskette has a rounded oval or heart-shaped face, small pierced eyes, long central nose ridge, small mouth, light kaolin-like surface, and attached plant-fiber beard or collar. The pale surface and fiber attachment closely relate to Lega lukwakongo maskettes associated with Bwami society. Its compact form invites close viewing.",,1900,Late 19th–early 20th century,Late 19th–early 20th century,,,,"Democratic Republic of the Congo, eastern Congo region",Physical Object,,Object,,,Jackson State University. (electronic version); JSUMS ART. (electronic version),,,IN COPYRIGHT; http://rightsstatements.org/vocab/InC/1.0/,All rights reserved. Reproduction or redistribution requires written permission from Jackson State University.,Jackson State University.,Jackson State University African Art Collection.,JSU permanent collection,JSUMS ART.,"African Art, Jackson State University.",3815531,.png,1920,2200,,,,,,,,,,,JSU_africanart_JA201805.png,"Lega-style, likely Lega peoples","Lega peoples, probable","Democratic Republic of the Congo, eastern Congo region, probable","Democratic Republic of the Congo, eastern Congo region, probable","Carved wood, kaolin or light pigment, plant fiber or raffia, surface patina","Carved, pierced, pigment-applied, fiber attachment",Maskette / lukwakongo-style mask / Bwami association object,"By comparison, associated with Bwami initiation and rank instruction; exact object meaning not documented",,,,Lega maskette,Untitled object 101,High for Lega lukwakongo-style identification from visible features; exact grade and meaning are undocumented.,Interpretive caution: possible initiation-society or association object; describe respectfully and avoid unsupported details of restricted meaning.,,,,,image/png
coll102,JA-2018-06,,Central African Ceremonial Staff or Implement,,,,"This wooden staff-like ceremonial implement has a long shaft, rounded finial, and attached curved secondary element or blade-like projection. The object relates to Central African prestige staffs, ritual implements, or insignia. Its long, asymmetrical silhouette gives it the character of a handled object meant to mark status or ceremonial action.",,1900,Late 19th–early 20th century,Late 19th–early 20th century,,,,Central Africa,Physical Object,,Object,,,Jackson State University. (electronic version); JSUMS ART. (electronic version),,,IN COPYRIGHT; http://rightsstatements.org/vocab/InC/1.0/,All rights reserved. Reproduction or redistribution requires written permission from Jackson State University.,Jackson State University.,Jackson State University African Art Collection.,JSU permanent collection,JSUMS ART.,"African Art, Jackson State University.",974130,.png,1920,2200,,,,,,,,,,,JSU_africanart_JA201806.png,"Central African peoples, attribution uncertain",Unidentified,"Central Africa, exact place unknown","Central Africa, exact place unknown","Carved wood, pigment or surface patina","Carved, assembled or joined element, patinated",Ceremonial staff / ritual implement / staff-like object,"Possibly prestige, ceremonial, or ceremonial implement; exact use not documented",,,,ceremonial staff or implement,Untitled object 102,Low: image shows a staff-like African object but attribution and function are uncertain.,Interpretive caution: avoid assigning a named function or culture without additional views or provenance.,,,,,image/png
coll103,JA-2018-07,,Luba-Style Figural Divination Rattle,,,,"This Luba-style ritual rattle is composed of stacked spherical resonator forms surmounted by a small anthropomorphic figure. Luba figural rattles are associated with divination, consultation, and ritual sound. The object joins sculptural imagery with the physical action of shaking and listening.",,1900,Late 19th–early 20th century,Late 19th–early 20th century,,,,"Democratic Republic of the Congo, Luba region",Physical Object,,Object,,,Jackson State University. (electronic version); JSUMS ART. (electronic version),,,IN COPYRIGHT; http://rightsstatements.org/vocab/InC/1.0/,All rights reserved. Reproduction or redistribution requires written permission from Jackson State University.,Jackson State University.,Jackson State University African Art Collection.,JSU permanent collection,JSUMS ART.,"African Art, Jackson State University.",989440,.png,1920,2200,,,,,,,,,,,JSU_africanart_JA201807.png,"Luba-style, attribution probable but not documented","Luba peoples, probable","Democratic Republic of the Congo, Luba region, probable","Democratic Republic of the Congo, Luba region, probable","Carved wood, possible seeds or pellets inside rattle chambers, surface patina","Carved, assembled or hollowed rattle chambers, patinated",Divination rattle / ritual sound instrument,"Possibly divination, healing, or ritual consultation; exact use not documented",,,,figural divination rattle,Untitled object 103,Moderate to high: image closely matches Luba figural rattles with stacked resonators; exact local name and contents are undocumented.,Interpretive caution: avoid identifying contents or practitioner context beyond visual evidence.,,,,,image/png
coll104,JA-2018-08,,Luba-Style Figural Divination Rattle,,,,"This Luba-style ritual rattle is carved from dark wood with a small figure finial above stacked spherical rattle chambers. In Luba-related ritual contexts, sound, handling, and figural imagery could work together in divination or consultation. The stacked forms create a rhythmic sculptural profile.",,1900,Late 19th–early 20th century,Late 19th–early 20th century,,,,"Democratic Republic of the Congo, Luba region",Physical Object,,Object,,,Jackson State University. (electronic version); JSUMS ART. (electronic version),,,IN COPYRIGHT; http://rightsstatements.org/vocab/InC/1.0/,All rights reserved. Reproduction or redistribution requires written permission from Jackson State University.,Jackson State University.,Jackson State University African Art Collection.,JSU permanent collection,JSUMS ART.,"African Art, Jackson State University.",928745,.png,1920,2200,,,,,,,,,,,JSU_africanart_JA201808.png,"Luba-style, attribution probable but not documented","Luba peoples, probable","Democratic Republic of the Congo, Luba region, probable","Democratic Republic of the Congo, Luba region, probable","Carved wood, possible seeds or pellets inside rattle chambers, dark surface patina","Carved, assembled or hollowed rattle chambers, patinated",Divination rattle / ritual sound instrument,"Possibly divination, healing, or ritual consultation; exact use not documented",,,,figural divination rattle,Untitled object 104,Moderate to high: image closely matches Luba figural rattles with stacked resonators; exact local name and contents are undocumented.,Interpretive caution: avoid identifying contents or practitioner context beyond visual evidence.,,,,,image/png
coll105,JA-2018-09,,Central African Standing Figure,,,,"This small standing anthropomorphic figure has a large rounded helmet-like head, segmented body, flaring lower limbs, and simplified features. The form relates broadly to Central African figure sculpture, including Luba, Hemba, Lega, and related traditions of the Democratic Republic of the Congo. Its compact body and oversized head create a bold, frontal silhouette.",,1900,Late 19th–early 20th century,Late 19th–early 20th century,,,,Democratic Republic of the Congo or neighboring Central Africa,Physical Object,,Object,,,Jackson State University. (electronic version); JSUMS ART. (electronic version),,,IN COPYRIGHT; http://rightsstatements.org/vocab/InC/1.0/,All rights reserved. Reproduction or redistribution requires written permission from Jackson State University.,Jackson State University.,Jackson State University African Art Collection.,JSU permanent collection,JSUMS ART.,"African Art, Jackson State University.",2034488,.png,1920,2200,,,,,,,,,,,JSU_africanart_JA201809.png,"Central African peoples, attribution uncertain","Luba, Hemba, Lega, or related peoples, possible","Democratic Republic of the Congo or neighboring Central Africa, uncertain","Democratic Republic of the Congo or neighboring Central Africa, uncertain","Carved wood, pigment or surface patina","Carved, incised, patinated",Standing figure / anthropomorphic figure,"Possibly personal, ancestor, or ritual figure; exact use not documented",,,,standing figure,Untitled object 105,Low: visual evidence indicates a Central African anthropomorphic figure but not a confident cultural attribution.,Interpretive caution: keep attribution broad until more evidence is available.,,,,,image/png
coll106,JA-2018-11,,Central African Standing Female Figure,,,,"This small standing female figure is carved from dark wood with a large rounded coiffure or head form, simplified face, exposed breasts, compact torso, and short legs. The figure relates broadly to Central African female figure traditions, possibly Luba or Hemba-related. Its reduced form emphasizes bodily presence and stillness.",,1900,Late 19th–early 20th century,Late 19th–early 20th century,,,,Democratic Republic of the Congo or neighboring Central Africa,Physical Object,,Object,,,Jackson State University. (electronic version); JSUMS ART. (electronic version),,,IN COPYRIGHT; http://rightsstatements.org/vocab/InC/1.0/,All rights reserved. Reproduction or redistribution requires written permission from Jackson State University.,Jackson State University.,Jackson State University African Art Collection.,JSU permanent collection,JSUMS ART.,"African Art, Jackson State University.",1679682,.png,1920,2200,,,,,,,,,,,JSU_africanart_JA201811.png,"Central African peoples, attribution uncertain","Luba, Hemba, or related peoples, possible","Democratic Republic of the Congo or neighboring Central Africa, uncertain","Democratic Republic of the Congo or neighboring Central Africa, uncertain","Carved wood, dark surface patina, possible pigment","Carved, patinated",Standing female figure / figural sculpture,"Possibly personal, ancestral, fertility-related, or prestige figure; exact use not documented",,,,standing female figure,Untitled object 106,"Low: image suggests Central African female figure sculpture, but diagnostic cultural features are insufficient.",Interpretive caution: avoid assigning a specific ethnic group or ceremonial/spiritual function without object-specific evidence.,,,,,image/png
coll107,JA-2018-10,,Gourd or Container with Figural Stopper,,,,"This gourd-form object or container combines a polished mottled globular vessel body with a small carved anthropomorphic figure attached at the top. Figural gourd and calabash containers occur in several East and Central African ceremonial, therapeutic, and personal-object traditions. The contrast between smooth vessel and carved figure gives the object a distinctive sculptural character.",,1900,Late 19th–early 20th century,Late 19th–early 20th century,,,,East or Central Africa,Physical Object,,Object,,,Jackson State University. (electronic version); JSUMS ART. (electronic version),,,IN COPYRIGHT; http://rightsstatements.org/vocab/InC/1.0/,All rights reserved. Reproduction or redistribution requires written permission from Jackson State University.,Jackson State University.,Jackson State University African Art Collection.,JSU permanent collection,JSUMS ART.,"African Art, Jackson State University.",2133989,.png,1920,2200,,,,,,,,,,,JSU_africanart_JA201810.png,Unidentified East or Central African peoples,Unidentified,"East or Central Africa, exact place unknown","East or Central Africa, exact place unknown","Gourd or calabash, carved wood, pigment or resin, possible fiber or binding materials","Carved, assembled, polished or resin-coated",Gourd-form vessel / container with figure,"Possibly divination, storage, ceremonial, spiritual, or therapeutic container; exact use not documented",,,,gourd-form container with figural stopper,Untitled object 107,"Low: object form is visible and supports a broad East/Central African container comparison, but cultural attribution and function are not securely identifiable.","Interpretive caution: attribution remains broad and image-based; avoid assigning a specific people, country, or ceremonial/spiritual function without object-specific documentation or provenance.",,,,,image/png
coll108,JA-2018-14,,Central African Prestige Knife and Sheath,,,,"This ceremonial or prestige knife with sheath includes a narrow blade or knife form, rounded or leaf-shaped sheath, carved handle, fiber or cord attachments, and worn surface. The object relates to Central African prestige weapon and insignia traditions. Its compact form suggests an object valued as much for social meaning as for function.",,1900,Late 19th–early 20th century,Late 19th–early 20th century,,,,Democratic Republic of the Congo or neighboring Central Africa,Physical Object,,Object,,,Jackson State University. (electronic version); JSUMS ART. (electronic version),,,IN COPYRIGHT; http://rightsstatements.org/vocab/InC/1.0/,All rights reserved. Reproduction or redistribution requires written permission from Jackson State University.,Jackson State University.,Jackson State University African Art Collection.,JSU permanent collection,JSUMS ART.,"African Art, Jackson State University.",1829090,.png,1920,2200,,,,,,,,,,,JSU_africanart_JA201814.png,"Central African peoples, attribution uncertain","Mangbetu, Kuyu, Yakoma, or related peoples, possible","Democratic Republic of the Congo or neighboring Central Africa, uncertain","Democratic Republic of the Congo or neighboring Central Africa, uncertain","Metal blade, carved wood, leather or hide sheath, fiber or cord, pigment or patina","Forged, carved, sheathed, bound",Prestige knife / knife and sheath / ceremonial weapon,"Possibly prestige, status, ceremonial, or personal weapon; exact use not documented",,,,prestige knife and sheath,Untitled object 108,"Low to moderate: image shows a Central African knife/sheath form, but exact cultural attribution is uncertain.",Interpretive caution: avoid assigning a specific weapon name or people without stronger evidence.,,,,,image/png
coll109,JA-2018-12,,Composite Power Object or Amulet on Hide Backing,,,,"This composite object or amulet is mounted on a rectangular hide or textile backing with fiber bindings, a small central carved figure or charm, cord loops, and attached organic and composite materials. The layered construction suggests a protective or spiritually significant object. Its materials create a concentrated surface of binding, attachment, and display.",,1900,Late 19th–early 20th century,Late 19th–early 20th century,,,,Central or West-Central Africa,Physical Object,,Object,,,Jackson State University. (electronic version); JSUMS ART. (electronic version),,,IN COPYRIGHT; http://rightsstatements.org/vocab/InC/1.0/,All rights reserved. Reproduction or redistribution requires written permission from Jackson State University.,Jackson State University.,Jackson State University African Art Collection.,JSU permanent collection,JSUMS ART.,"African Art, Jackson State University.",3349572,.png,1920,2200,,,,,,,,,,,JSU_africanart_JA201812.png,"Central or West-Central African peoples, attribution uncertain",Unidentified,"Central or West-Central Africa, exact place unknown","Central or West-Central Africa, exact place unknown","Hide or leather, textile, carved wood, fiber or cord, pigment, possible metal and organic materials","Assembled, bound, wrapped, attached mixed media",Composite power object / amulet / charm bundle,"Possibly protective, healing, divinatory, or spiritually significant object; exact use not documented",,,,composite power object,Untitled object 109,"Low: mixed-media power-object form is visible, but cultural attribution and specific function are uncertain.","Interpretive caution: potentially culturally or spiritually sensitive object; avoid naming contents, inserted or empowering materials, or ceremonial/spiritual role without object-specific evidence.",,,,,image/png
coll110,JA-2018-15,,Luba-Style Figural Rattle with Female Figure,,,,"This wooden rattle is composed of a carved female figure handle above three stacked hollow seed-pod or gourd-like resonators with small sound holes. The figure has an elongated torso, bent legs, carved breasts, incised abdominal motifs, and a dark polished surface. The form relates to Luba figural and divination rattles.",,1900,Late 19th–early 20th century,Late 19th–early 20th century,,,,Democratic Republic of the Congo,Physical Object,,Object,,,Jackson State University. (electronic version); JSUMS ART. (electronic version),,,IN COPYRIGHT; http://rightsstatements.org/vocab/InC/1.0/,All rights reserved. Reproduction or redistribution requires written permission from Jackson State University.,Jackson State University.,Jackson State University African Art Collection.,JSU permanent collection,JSUMS ART.,"African Art, Jackson State University.",1224831,.png,1920,2200,,,,,,,,,,,JSU_africanart_JA201815.png,"Luba-style, attribution uncertain","Luba peoples, possible","Democratic Republic of the Congo, possible","Democratic Republic of the Congo, possible","Carved wood, seed pods or gourds, seeds, fiber or cord, pigment or patina","Carved, incised, assembled, bound, patinated",Figural rattle / divination rattle,"Possibly divination, healing, or ritual sound instrument; exact use not documented",,,,figural rattle,,"Low to moderate: object form compares to Luba figural rattles, but object-specific attribution is undocumented.",Interpretive caution: avoid identifying contents or specialist use beyond visible structure.,,,,,image/png
coll111,JA-2018-16,,Dan-Style Face Mask with Cowrie and Fiber Attachments,,,,"This carved wooden face mask has a dark oval face, high rounded forehead, narrow slit eyes, long vertical nose, small open mouth, and attached cloth, fiber, feather, button, and shell or disc ornaments. The smooth dark face recalls Dan-style masks from Liberia and Cote d'Ivoire. The mixed attachments add texture, motion, and ceremonial presence.",,1900,Late 19th–early 20th century,Late 19th–early 20th century,,,,Liberia or Côte d’Ivoire,Physical Object,,Object,,,Jackson State University. (electronic version); JSUMS ART. (electronic version),,,IN COPYRIGHT; http://rightsstatements.org/vocab/InC/1.0/,All rights reserved. Reproduction or redistribution requires written permission from Jackson State University.,Jackson State University.,Jackson State University African Art Collection.,JSU permanent collection,JSUMS ART.,"African Art, Jackson State University.",2464357,.png,1920,2200,,,,,,,,,,,JSU_africanart_JA201816.png,"Dan-style or related West African forest-region, attribution uncertain","Dan peoples or related peoples, possible","Liberia or Cote d’Ivoire, possible","Liberia or Cote d’Ivoire, possible","Carved wood, cloth, fiber, feathers, buttons or shell/disc ornaments, cord, pigment or patina","Carved, pierced, assembled with attachments, patinated",Face mask / masquerade mask,Possibly masquerade performance; exact named mask type and use not documented,,,,face mask with attachments,Untitled object 111,Low to moderate: facial form suggests Dan-style masking; attachments and provenance uncertainty prevent firm attribution.,Interpretive caution: avoid assigning a specific Dan mask name without costume/use documentation.,,,,,image/png
coll112,JA-2018-17,,Yaka- or Suku-Style Janus Power Figure,,,,"This small seated Janus-style figure has two opposed heads sharing a compact body, bent knees, hands placed along the torso, and simplified facial features. Double-headed figures are known in Yaka and Suku-related western Congolese contexts, where paired faces can suggest power, spirit presence, or multiple directions of sight. The figure's compact form emphasizes duality.",,1900,Late 19th–early 20th century,Late 19th–early 20th century,,,,Southwestern Democratic Republic of the Congo,Physical Object,,Object,,,Jackson State University. (electronic version); JSUMS ART. (electronic version),,,IN COPYRIGHT; http://rightsstatements.org/vocab/InC/1.0/,All rights reserved. Reproduction or redistribution requires written permission from Jackson State University.,Jackson State University.,Jackson State University African Art Collection.,JSU permanent collection,JSUMS ART.,"African Art, Jackson State University.",1581624,.png,1920,2200,,,,,,,,,,,JSU_africanart_JA201817.png,"Yaka or Suku-style, attribution uncertain","Yaka peoples or Suku peoples, possible","Southwestern Democratic Republic of the Congo, possible","Southwestern Democratic Republic of the Congo, possible","Carved wood, pigment or surface patina","Carved, patinated",Janus figure / possible power figure,"Possibly protective, spirit, divination, or power-object context; exact use not documented",20th century,,,Janus figure,Untitled object 112,Low to moderate: Janus form supports Yaka/Suku comparison; no close object-specific public match is confirmed.,Interpretive caution: keep function and named power associations tentative without object-specific documentation or provenance.,,,-2.8797,23.656,image/png
coll113,JA-2018-18,,Luba- or Hemba-Style Figural Rattle with Gourd Resonator,,,,"This wooden figural rattle has a carved human head and long neck rising above looped arms or openwork supports, attached to a rounded gourd-like resonator with vertical grooves and fiber bindings. The form relates to Central African figural, divination, and dance rattles, especially Luba or Hemba-related examples. Its openwork structure gives the object a lively profile.",,1900,Late 19th–early 20th century,Late 19th–early 20th century,,,,Democratic Republic of the Congo,Physical Object,,Object,,,Jackson State University. (electronic version); JSUMS ART. (electronic version),,,IN COPYRIGHT; http://rightsstatements.org/vocab/InC/1.0/,All rights reserved. Reproduction or redistribution requires written permission from Jackson State University.,Jackson State University.,Jackson State University African Art Collection.,JSU permanent collection,JSUMS ART.,"African Art, Jackson State University.",2000525,.png,1920,2200,,,,,,,,,,,JSU_africanart_JA201818.png,"Luba or Hemba-style, attribution uncertain","Luba peoples or Hemba peoples, possible","Democratic Republic of the Congo, possible","Democratic Republic of the Congo, possible","Carved wood, gourd or seed-pod resonator, fiber or cord, seeds or internal rattling material, patina","Carved, incised, assembled, bound",Figural rattle / divination or dance rattle,"Possibly divination, healing, dance, or ritual sound instrument; exact use not documented",,,,figural rattle,Untitled object 113,Moderate for rattle identification; low to moderate for Luba/Hemba attribution based on visual comparison only.,Interpretive caution: avoid claiming ritual specialist use or contents beyond visible rattle structure.,,,,,image/png
coll114,JA-2018-19,,Standing Power Figure with Bindings and Metal Inserts,,,,"This standing human figure has an elongated torso, rounded head, projecting facial features, arms held close to the sides, fiber bindings around the waist, and a vertical row of inserted metal or tack-like elements down the front. The additions and bindings relate to Central African power-object traditions. The figure's surface suggests both adornment and activation.",,1900,Late 19th–early 20th century,Late 19th–early 20th century,,,,Democratic Republic of the Congo or Republic of the Congo,Physical Object,,Object,,,Jackson State University. (electronic version); JSUMS ART. (electronic version),,,IN COPYRIGHT; http://rightsstatements.org/vocab/InC/1.0/,All rights reserved. Reproduction or redistribution requires written permission from Jackson State University.,Jackson State University.,Jackson State University African Art Collection.,JSU permanent collection,JSUMS ART.,"African Art, Jackson State University.",2545372,.png,1920,2200,,,,,,,,,,,JSU_africanart_JA201819.png,"Central African, possibly Kongo or Teke, attribution uncertain","Kongo peoples or Teke peoples, possible","Democratic Republic of the Congo or Republic of the Congo, possible","Democratic Republic of the Congo or Republic of the Congo, possible","Carved wood, fiber or cord, metal tacks or inserted elements, pigment or patina","Carved, bound, inserted metal elements, patinated",Power figure / ritual figure,"Possibly protective, healing, judicial, or personal spiritually significant object; exact use not documented",,,,standing power figure,Untitled object 114,"Low: visible power-object features support a broad Central African attribution, but exact group and function are uncertain.",Interpretive caution: potentially culturally or spiritually sensitive object; avoid identifying contents or use beyond visible evidence and documented comparanda.,,,,,image/png
coll115,JA-2018-20,,Kongo- or Teke-Style Standing Power Figure with Wrapped Abdomen,,,,"This standing human figure has a dark polished surface, simplified face, rounded head, arms held to the sides, and cloth with red cord wrapping around the torso and base. The wrapped abdominal area draws attention to the body's center as a zone of covering, containment, or activation. Its form relates to Central African power-figure traditions.",,1900,Late 19th–early 20th century,Late 19th–early 20th century,,,,Democratic Republic of the Congo or Republic of the Congo,Physical Object,,Object,,,Jackson State University. (electronic version); JSUMS ART. (electronic version),,,IN COPYRIGHT; http://rightsstatements.org/vocab/InC/1.0/,All rights reserved. Reproduction or redistribution requires written permission from Jackson State University.,Jackson State University.,Jackson State University African Art Collection.,JSU permanent collection,JSUMS ART.,"African Art, Jackson State University.",1761237,.png,1920,2200,,,,,,,,,,,JSU_africanart_JA201820.png,"Central African, possibly Kongo or Teke, attribution uncertain","Kongo peoples or Teke peoples, possible","Democratic Republic of the Congo or Republic of the Congo, possible","Democratic Republic of the Congo or Republic of the Congo, possible","Carved wood, cloth or hide, fiber or cord, pigment or patina","Carved, wrapped, assembled, patinated",Power figure / ritual figure,"Possibly protective, healing, judicial, or personal spiritually significant object; exact use not documented",,,,standing power figure,Untitled object 115,"Low: wrappings suggest a Central African power-object comparison, but exact group and function are uncertain.",Interpretive caution: potentially culturally or spiritually sensitive object; avoid identifying contents or ceremonial/spiritual role without object-specific evidence.,,,,,image/png
coll116,TC-2015-01,,West African Figural Slingshot,,,,"This carved wooden slingshot has two long forked arms and an anthropomorphic handle in the form of a standing figure with elongated head, narrow face, long neck, torso, and projecting abdomen. Figural slingshots are known in several West African traditions, including Baule and Lobi-associated examples. The object transforms a functional tool into a sculptural figure.",,1900,Late 19th–early 20th century,Late 19th–early 20th century,,,,Côte d’Ivoire or Burkina Faso/Ghana borderlands,Physical Object,,Object,,,Jackson State University. (electronic version); JSUMS ART. (electronic version),,,IN COPYRIGHT; http://rightsstatements.org/vocab/InC/1.0/,All rights reserved. Reproduction or redistribution requires written permission from Jackson State University.,Jackson State University.,Jackson State University African Art Collection.,JSU permanent collection,JSUMS ART.,"African Art, Jackson State University.",1124366,.png,1920,2200,,,,,,,,,,,JSU_africanart_TC201501.png,"West African peoples, possibly Baule or Lobi, attribution uncertain","Baule peoples or Lobi peoples, possible","Cote d’Ivoire or Burkina Faso/Ghana borderlands, possible","West Africa, possible","Carved wood, patina","Carved, smoothed, patinated",Figural slingshot,"Hunting tool, personal object, or carved prestige item; exact use not documented",,,,figural slingshot,Untitled object 116,Low to moderate for object type; low for cultural attribution because figural slingshots occur in multiple West African traditions.,Interpretive caution: cultural group should remain broad without object-specific documentation or provenance.,,,,,image/png
coll117,TC-2015-02,,Seated Couple Figure,,,,"This carved wooden sculpture shows two seated figures joined side by side on a shared base. The figures have simplified rounded heads, incised facial features, compact torsos, bent legs, and hands resting near the knees. The paired format suggests themes of relationship, alliance, lineage, or commemoration.",,1900,Late 19th–early 20th century,Late 19th–early 20th century,,,,Central or West-Central Africa,Physical Object,,Object,,,Jackson State University. (electronic version); JSUMS ART. (electronic version),,,IN COPYRIGHT; http://rightsstatements.org/vocab/InC/1.0/,All rights reserved. Reproduction or redistribution requires written permission from Jackson State University.,Jackson State University.,Jackson State University African Art Collection.,JSU permanent collection,JSUMS ART.,"African Art, Jackson State University.",2558681,.png,1920,2200,,,,,,,,,,,JSU_africanart_TC201502.png,Unidentified Central or West-Central African peoples,Unidentified,"Central or West-Central Africa, exact place unknown","Central or West-Central Africa, exact place unknown","Carved wood, pigment or patina","Carved, patinated",Seated couple figure / figural sculpture,"Possibly lineage, ancestor, alliance, or prestige imagery; exact use not documented",,,,seated couple figure,Untitled object 117,Low: title and description are image-based; cultural affiliation and function are not documented.,"Interpretive caution: avoid assigning relationship, gender, or ceremonial/spiritual role without additional evidence.",,,,,image/png
coll118,TC-2015-03,,Kongo- or Teke-Style Power Figure with Abdominal Charge,,,,"This carved wooden power figure has a large head, half-closed eyes, compact torso, attached cloth and hide or fur elements, blue beads at the base, and a cowrie-like element set into a circular abdominal packet or charge. The abdominal insertion and added materials relate to Central African nkisi or buti-type power figures. Its surface combines sculpture, wrapping, and material accumulation.",,1900,Late 19th–early 20th century,Late 19th–early 20th century,,,,Democratic Republic of the Congo or Republic of the Congo,Physical Object,,Object,,,Jackson State University. (electronic version); JSUMS ART. (electronic version),,,IN COPYRIGHT; http://rightsstatements.org/vocab/InC/1.0/,All rights reserved. Reproduction or redistribution requires written permission from Jackson State University.,Jackson State University.,Jackson State University African Art Collection.,JSU permanent collection,JSUMS ART.,"African Art, Jackson State University.",2024603,.png,1920,2200,,,,,,,,,,,JSU_africanart_TC201503.png,"Central African, possibly Kongo or Teke, attribution uncertain","Kongo peoples or Teke peoples, possible","Democratic Republic of the Congo or Republic of the Congo, possible","Democratic Republic of the Congo or Republic of the Congo, possible","Carved wood, cloth, hide or fur, cowrie shell or shell-like element, glass beads, fiber or cord, pigment or patina","Carved, assembled, wrapped, charge insertion, bead attachment",Power figure / nkisi- or buti-type ritual figure,"Possibly protective, healing, judicial, or personal spiritually significant object; exact use not documented",,,,power figure,Untitled object 118,Low to moderate: visible abdominal charge and attachments support power-figure identification; exact group is uncertain.,Interpretive caution: potentially culturally or spiritually sensitive object; describe visible materials without claiming undocumented ritual contents.,,,,,image/png
coll119,TC-2015-04,,Standing Figure with Abdominal Cavities,,,,"This small standing figure is mounted on a base and has an elongated neck, rounded head, simplified facial features, arms bent toward the torso, and two round abdominal cavities. The cavities may have held inserted materials, focusing attention on the body's center. The form relates broadly to Central African power-figure traditions.",,1900,Late 19th–early 20th century,Late 19th–early 20th century,,,,Central Africa,Physical Object,,Object,,,Jackson State University. (electronic version); JSUMS ART. (electronic version),,,IN COPYRIGHT; http://rightsstatements.org/vocab/InC/1.0/,All rights reserved. Reproduction or redistribution requires written permission from Jackson State University.,Jackson State University.,Jackson State University African Art Collection.,JSU permanent collection,JSUMS ART.,"African Art, Jackson State University.",1377965,.png,1920,2200,,,,,,,,,,,JSU_africanart_TC201504.png,"Central African peoples, attribution uncertain","Kongo, Teke, or related peoples, possible","Central Africa, exact place unknown","Central Africa, exact place unknown","Carved wood, pigment or patina; possible former inserted materials","Carved, cavity prepared, patinated",Standing figure / possible power figure,"Possibly protective, healing, ceremonial, or spiritually significant figure; exact use not documented",,,,standing figure with abdominal cavities,Untitled object 119,"Low: abdominal cavities suggest power-figure comparison, but culture and function remain uncertain.",Interpretive caution: potentially culturally or spiritually sensitive object; avoid identifying contents or use beyond visible evidence and documented comparanda.,,,,,image/png
coll120,TC-2015-05,,Seated Female Figure,,,,"This seated female figure has a rounded head, compact torso, bent arms, hands held near the abdomen, short seated base, and traces of surface pigment or patina. The pose centers attention on the torso and hands. The figure suggests personal, maternity, ancestral, ceremonial, or spiritually significant imagery within a broad African figural tradition.",,1900,Late 19th–early 20th century,Late 19th–early 20th century,,,,Central or West-Central Africa,Physical Object,,Object,,,Jackson State University. (electronic version); JSUMS ART. (electronic version),,,IN COPYRIGHT; http://rightsstatements.org/vocab/InC/1.0/,All rights reserved. Reproduction or redistribution requires written permission from Jackson State University.,Jackson State University.,Jackson State University African Art Collection.,JSU permanent collection,JSUMS ART.,"African Art, Jackson State University.",1796497,.png,1920,2200,,,,,,,,,,,JSU_africanart_TC201505.png,"Central or West-Central African peoples, attribution uncertain","Unidentified; possibly Luba, Hemba, or related peoples","Central or West-Central Africa, uncertain","Central or West-Central Africa, uncertain","Carved wood, pigment or patina","Carved, patinated",Seated female figure / figural sculpture,"Possibly personal, ancestral, maternity, ceremonial, or spiritually significant figure; exact use not documented",,,,seated female figure,Untitled object 120,Low: broad Central/West-Central African comparison only; exact identity and function are undocumented.,Interpretive caution: keep culture and function cautious until more evidence is available.,,,,,image/png
coll121,TC-2015-06,,Standing Female Figure with Open Mouth,,,,"This standing female figure has a small base, elongated body, bent arms, hands held at the lower torso, carved breasts, rounded head, open mouth, and projecting ears. The compact proportions and torso-focused pose relate broadly to Central or West-Central African figural sculpture. Its direct frontal stance gives the figure a strong presence.",,1900,Late 19th–early 20th century,Late 19th–early 20th century,,,,Central or West-Central Africa,Physical Object,,Object,,,Jackson State University. (electronic version); JSUMS ART. (electronic version),,,IN COPYRIGHT; http://rightsstatements.org/vocab/InC/1.0/,All rights reserved. Reproduction or redistribution requires written permission from Jackson State University.,Jackson State University.,Jackson State University African Art Collection.,JSU permanent collection,JSUMS ART.,"African Art, Jackson State University.",1521675,.png,1920,2200,,,,,,,,,,,JSU_africanart_TC201506.png,Unidentified Central or West-Central African peoples,Unidentified,"Central or West-Central Africa, exact place unknown","Central or West-Central Africa, exact place unknown","Carved wood, pigment or patina","Carved, patinated",Standing female figure / figural sculpture,"Possibly personal, ancestral, fertility-related, or prestige figure; exact use not documented",,,,standing female figure,Untitled object 121,Low: title and description are based on visible form; Central/West-Central regional attribution is a cautious visual comparison.,"Interpretive caution: attribution remains broad and image-based; avoid assigning a specific people, country, or ceremonial/spiritual function without object-specific documentation or provenance.",,,,,image/png
coll122,TC-2015-07,,Baule-Style Seated Female Figure with Beads,,,,"This small seated female figure has a dark surface, rounded head, incised hairstyle or brow line, compact torso, arms resting close to the body, and a strand of blue and white beads around the waist or base. The composed pose and ornament relate to Baule or neighboring Cote d'Ivoire figural traditions. Its intimate scale suggests personal viewing or handling.",,1900,Late 19th–early 20th century,Late 19th–early 20th century,,,,Côte d’Ivoire,Physical Object,,Object,,,Jackson State University. (electronic version); JSUMS ART. (electronic version),,,IN COPYRIGHT; http://rightsstatements.org/vocab/InC/1.0/,All rights reserved. Reproduction or redistribution requires written permission from Jackson State University.,Jackson State University.,Jackson State University African Art Collection.,JSU permanent collection,JSUMS ART.,"African Art, Jackson State University.",1445390,.png,1920,2200,,,,,,,,,,,JSU_africanart_TC201507.png,"Baule-style or related West African, attribution uncertain","Baule peoples, possible","Cote d’Ivoire, possible","Cote d’Ivoire, possible","Carved wood, glass beads, pigment or patina","Carved, incised, bead ornamentation, patinated",Seated female figure / personal figure,"Possibly personal, spirit-spouse, ancestor, or prestige figure; exact use not documented",,,,seated female figure,Untitled object 122,"Low to moderate: visual features suggest Baule-style comparison, but attribution and function are uncertain.",Interpretive caution: avoid assigning spirit-spouse function without object-specific documentation or provenance.,,,,,image/png
coll123,TC-2015-08,,West African Oval Face Mask,,,,"This carved wooden face mask has a rounded oval form, high forehead, circular eye openings, broad nose, small open mouth, and worn light and dark surface coloration. The facial proportions relate to West African mask traditions, possibly Dan or a neighboring forest-region group. The broad forehead and open eyes give the face a direct, attentive character.",,1900,Late 19th–early 20th century,Late 19th–early 20th century,,,,Liberia or Côte d’Ivoire,Physical Object,,Object,,,Jackson State University. (electronic version); JSUMS ART. (electronic version),,,IN COPYRIGHT; http://rightsstatements.org/vocab/InC/1.0/,All rights reserved. Reproduction or redistribution requires written permission from Jackson State University.,Jackson State University.,Jackson State University African Art Collection.,JSU permanent collection,JSUMS ART.,"African Art, Jackson State University.",2084984,.png,1920,2200,,,,,,,,,,,JSU_africanart_TC201508.png,"West African peoples, possibly Dan or neighboring forest-region group, attribution uncertain","Dan peoples or related peoples, possible","Liberia or Cote d’Ivoire, possible","Liberia or Cote d’Ivoire, possible","Carved wood, pigment or patina","Carved, pierced, patinated",Face mask / masquerade mask,Possibly masquerade performance; exact use not documented,,,,oval face mask,Untitled object 123,"Low: mask identification is clear, but cultural attribution is tentative.",Interpretive caution: avoid naming a specific mask type without stronger evidence.,,,,,image/png
coll124,TC-2015-09,,Cowrie-Decorated Helmet Mask or Headdress,,,,"This carved wooden helmet-mask form has a rounded upper head, a front panel densely covered with rows of cowrie shells or shell-like rings, and lower vertical grooves suggesting a stylized mouth, beard, or pendant elements. Cowrie decoration appears in many West and Central African prestige and masquerade contexts. The shell-covered surface creates a rich visual texture associated with value and display.",,1900,Late 19th–early 20th century,Late 19th–early 20th century,,,,West or Central Africa,Physical Object,,Object,,,Jackson State University. (electronic version); JSUMS ART. (electronic version),,,IN COPYRIGHT; http://rightsstatements.org/vocab/InC/1.0/,All rights reserved. Reproduction or redistribution requires written permission from Jackson State University.,Jackson State University.,Jackson State University African Art Collection.,JSU permanent collection,JSUMS ART.,"African Art, Jackson State University.",2729936,.png,1920,2200,,,,,,,,,,,JSU_africanart_TC201509.png,Unidentified West or Central African peoples,Unidentified,"West or Central Africa, exact place unknown","West or Central Africa, exact place unknown","Carved wood, cowrie shells or shell-like ornaments, pigment or patina","Carved, applied shell ornament, incised, patinated",Cowrie-decorated helmet mask / headdress,"Possibly masquerade, prestige, or ritual costume element; exact use not documented",,,,cowrie-decorated mask,Untitled object 124,Low: title is based on visible materials and form; cultural affiliation is not secure.,Interpretive caution: cowrie decoration alone is not sufficient for cultural attribution.,,,,,image/png
coll125,TC-2015-10,,Standing Female Figure with Crescent Coiffure,,,,"This slender standing female figure rises from a narrow pedestal base, with a long torso, arms held close to the sides, simplified facial features, and a high crescent- or wing-shaped coiffure. The stylized body suggests a personal, ancestral, or fertility-related figure. The dramatic coiffure gives the small sculpture an elegant silhouette.",,1900,Late 19th–early 20th century,Late 19th–early 20th century,,,,West Africa,Physical Object,,Object,,,Jackson State University. (electronic version); JSUMS ART. (electronic version),,,IN COPYRIGHT; http://rightsstatements.org/vocab/InC/1.0/,All rights reserved. Reproduction or redistribution requires written permission from Jackson State University.,Jackson State University.,Jackson State University African Art Collection.,JSU permanent collection,JSUMS ART.,"African Art, Jackson State University.",1205024,.png,1920,2200,,,,,,,,,,,JSU_africanart_TC201510.png,Unidentified West African peoples,Unidentified,"West Africa, exact place unknown","West Africa, exact place unknown","Carved wood, pigment or patina","Carved, smoothed, patinated",Standing female figure / figural sculpture,"Possibly personal, ancestral, fertility-related, or prestige figure; exact use not documented",,,,standing female figure,Untitled object 125,Low: descriptive title only; affiliation remains unidentified.,Interpretive caution: avoid assigning a specific ethnic group without stronger comparative or source evidence.,,,,,image/png
coll126,TC-2015-12,,Grebo- or Kru-Style Face Mask with Projecting Circular Eyes,,,,"This carved wooden face mask has a rounded head, projecting circular eye forms, angular nose and mouth area, and dark worn surface. The bold projecting eyes recall Grebo, Kru, and neighboring West African mask traditions from Liberia and southwestern Cote d'Ivoire. The mask's protruding features create a powerful frontal expression.",,1900,Late 19th–early 20th century,Late 19th–early 20th century,,,,Liberia or southwestern Côte d’Ivoire,Physical Object,,Object,,,Jackson State University. (electronic version); JSUMS ART. (electronic version),,,IN COPYRIGHT; http://rightsstatements.org/vocab/InC/1.0/,All rights reserved. Reproduction or redistribution requires written permission from Jackson State University.,Jackson State University.,Jackson State University African Art Collection.,JSU permanent collection,JSUMS ART.,"African Art, Jackson State University.",2285932,.png,1920,2200,,,,,,,,,,,JSU_africanart_TC201512.png,"Grebo, Kru, or related West African peoples, attribution uncertain","Grebo peoples or Kru-language peoples, possible","Liberia or southwestern Cote d’Ivoire, possible","Liberia or southwestern Cote d’Ivoire, possible","Carved wood, pigment or patina","Carved, pierced, patinated",Face mask / masquerade mask,Possibly masquerade performance; exact use not documented,,,,face mask with projecting eyes,Untitled object 127,Low to moderate: projecting circular eyes support Grebo/Kru-style comparison; exact group is uncertain.,Interpretive caution: keep attribution qualified without collection provenance.,,,,,image/png
coll127,TC-2015-14,,Figural Staff or Handle with Openwork Body,,,,"This tall carved wooden object includes an elongated standing figure, narrow openwork body, long neck, open mouth with carved teeth, and a vertical staff-like extension or handle. The openwork body and attenuated figure relate to Central African staff, handle, or ritual-object traditions. Its vertical form suggests an object designed to be carried, displayed, or held upright.",,1900,Late 19th–early 20th century,Late 19th–early 20th century,,,,Central Africa,Physical Object,,Object,,,Jackson State University. (electronic version); JSUMS ART. (electronic version),,,IN COPYRIGHT; http://rightsstatements.org/vocab/InC/1.0/,All rights reserved. Reproduction or redistribution requires written permission from Jackson State University.,Jackson State University.,Jackson State University African Art Collection.,JSU permanent collection,JSUMS ART.,"African Art, Jackson State University.",994677,.png,1920,2200,,,,,,,,,,,JSU_africanart_TC201514.png,"Central African peoples, attribution uncertain",Unidentified; possibly Democratic Republic of the Congo region,"Central Africa, possibly Democratic Republic of the Congo","Central Africa, possibly Democratic Republic of the Congo","Carved wood, pigment or patina","Carved, openwork, patinated",Figural staff / handle / ceremonial or spiritually significant object,"Possibly staff, handle, finial, or ritual implement; exact use not documented",,,,figural staff or handle,Untitled object 128,Low: Central African attribution is a cautious visual comparison; function and specific cultural affiliation remain uncertain.,"Interpretive caution: attribution remains broad and image-based; avoid assigning a specific people, country, or ceremonial/spiritual function without object-specific documentation or provenance.",,,,,image/png
coll128,TC-2015-13,,Standing Female Figure with Elaborate Coiffure,,,,"This standing female figure has a broad flaring coiffure or headdress, elongated textured torso, bent arms, hands near the abdomen, and circular base. The figure may relate to personal, ancestral, fertility-related, or prestige sculpture. Its flaring head form and textured body create a distinctive vertical rhythm.",,1900,Late 19th–early 20th century,Late 19th–early 20th century,,,,West or Central Africa,Physical Object,,Object,,,Jackson State University. (electronic version); JSUMS ART. (electronic version),,,IN COPYRIGHT; http://rightsstatements.org/vocab/InC/1.0/,All rights reserved. Reproduction or redistribution requires written permission from Jackson State University.,Jackson State University.,Jackson State University African Art Collection.,JSU permanent collection,JSUMS ART.,"African Art, Jackson State University.",2048449,.png,1920,2200,,,,,,,,,,,JSU_africanart_TC201513.png,Unidentified West or Central African peoples,Unidentified,"West or Central Africa, uncertain","West or Central Africa, uncertain","Carved wood, pigment or patina","Carved, incised, patinated",Standing female figure / figural sculpture,"Possibly personal, ancestral, fertility-related, or prestige figure; exact use not documented",,,,standing female figure,Untitled object 129,Low: image supports a descriptive title but not a firm cultural affiliation.,Interpretive caution: avoid assigning a specific community or function without corroborating evidence.,,,,,image/png
coll129,TC-2015-16,,Dan- or Mano-Style Long-Beaked Mask,,,,"This carved wooden mask has a helmet-like head and a long curved beak-like projection extending downward. The elongated beak suggests a hornbill or bird-related masquerade form comparable to Dan, Mano, Mau, and neighboring West African forest-region masks. Its sweeping profile gives the object a dramatic animal presence.",,1900,Late 19th–early 20th century,Late 19th–early 20th century,,,,Liberia or Côte d’Ivoire,Physical Object,,Object,,,Jackson State University. (electronic version); JSUMS ART. (electronic version),,,IN COPYRIGHT; http://rightsstatements.org/vocab/InC/1.0/,All rights reserved. Reproduction or redistribution requires written permission from Jackson State University.,Jackson State University.,Jackson State University African Art Collection.,JSU permanent collection,JSUMS ART.,"African Art, Jackson State University.",1975215,.png,1920,2200,,,,,,,,,,,JSU_africanart_TC201516.png,"Dan, Mano, Mau, or related West African forest-region peoples, attribution uncertain","Dan peoples, Mano peoples, or Mau peoples, possible","Liberia or Cote d’Ivoire, possible","Liberia or Cote d’Ivoire, possible","Carved wood, pigment or patina","Carved, pierced, patinated",Bird-form face mask / long-beaked mask,Possibly masquerade performance; exact character and use not documented,,,,long-beaked mask,Untitled object 130,Low to moderate: beaked form supports West African forest-region comparison; specific group is uncertain.,Interpretive caution: avoid assigning a named mask character without stronger evidence.,,,,,image/png
coll130,TC-2015-15,,Standing Female Figure with Encrusted Surface,,,,"This standing female figure has an elongated neck, pointed or crested head, small breasts, hands held near the abdomen, short legs, and a worn encrusted surface. The compact standing form and weathered patina relate broadly to Central or West-Central African figural traditions. Its restrained pose creates a quiet sculptural presence.",,1900,Late 19th–early 20th century,Late 19th–early 20th century,,,,Central or West-Central Africa,Physical Object,,Object,,,Jackson State University. (electronic version); JSUMS ART. (electronic version),,,IN COPYRIGHT; http://rightsstatements.org/vocab/InC/1.0/,All rights reserved. Reproduction or redistribution requires written permission from Jackson State University.,Jackson State University.,Jackson State University African Art Collection.,JSU permanent collection,JSUMS ART.,"African Art, Jackson State University.",1325650,.png,1920,2200,,,,,,,,,,,JSU_africanart_TC201515.png,Unidentified Central or West-Central African peoples,Unidentified,"Central or West-Central Africa, exact place unknown","Central or West-Central Africa, exact place unknown","Carved wood, encrusted patina or pigment","Carved, patinated or encrusted surface",Standing female figure / figural sculpture,"Possibly personal, ancestral, fertility-related, or prestige figure; exact use not documented",,,,standing female figure,Untitled object 131,Low: descriptive identification only; Central/West-Central regional attribution is tentative and image-based.,"Interpretive caution: attribution remains broad and image-based; avoid assigning a specific people, country, or ceremonial/spiritual function without object-specific documentation or provenance.",,,,,image/png
coll131,TC-2015-18,,Bamana Ci Wara-Style Antelope Headdress,,,,"This carved wooden headdress or crest has an arched openwork base, projecting antelope-like forms, a long upward horn-like element, and a small standing figure mounted above the central arch. The antelope and openwork structure relate to Bamana Ci Wara headdresses from Mali. The combination of animal form, human figure, and sweeping vertical line creates a dynamic ceremonial silhouette.",,1900,Late 19th–early 20th century,Late 19th–early 20th century,,,,Mali,Physical Object,,Object,,,Jackson State University. (electronic version); JSUMS ART. (electronic version),,,IN COPYRIGHT; http://rightsstatements.org/vocab/InC/1.0/,All rights reserved. Reproduction or redistribution requires written permission from Jackson State University.,Jackson State University.,Jackson State University African Art Collection.,JSU permanent collection,JSUMS ART.,"African Art, Jackson State University.",1535168,.png,1920,2200,,,,,,,,,,,JSU_africanart_TC201518.png,"Bamana-style, attribution uncertain","Bamana peoples, possible","Mali, possible","Mali, possible","Carved wood, pigment or patina","Carved, openwork, incised, patinated",Headdress / antelope crest / masquerade object,"By comparison, associated with agricultural masquerade and Ci Wara performance traditions; exact use not documented",,,,Ci Wara-style headdress,Untitled object 132,Moderate: form strongly recalls Ci Wara headdresses; provenance and subtype are undocumented.,Interpretive caution: use “Ci Wara-style” unless collection evidence confirms Bamana origin and ceremonial/spiritual use.,,,,,image/png
coll132,TC-2015-17,,Double Figural Slingshot,,,,"This carved wooden slingshot has two upright fork arms and a handle formed by two standing human figures joined side by side. Each figure has simplified facial features and compact proportions. Figural slingshots are known from several West African traditions, including Baule and Lobi-associated examples, where useful objects could become sculptural forms.",,1900,Late 19th–early 20th century,Late 19th–early 20th century,,,,Côte d’Ivoire or Burkina Faso/Ghana borderlands,Physical Object,,Object,,,Jackson State University. (electronic version); JSUMS ART. (electronic version),,,IN COPYRIGHT; http://rightsstatements.org/vocab/InC/1.0/,All rights reserved. Reproduction or redistribution requires written permission from Jackson State University.,Jackson State University.,Jackson State University African Art Collection.,JSU permanent collection,JSUMS ART.,"African Art, Jackson State University.",1438537,.png,1920,2200,,,,,,,,,,,JSU_africanart_TC201517.png,"West African peoples, possibly Baule or Lobi, attribution uncertain","Baule peoples or Lobi peoples, possible","Cote d’Ivoire or Burkina Faso/Ghana borderlands, possible","West Africa, possible","Carved wood, pigment or patina","Carved, smoothed, patinated",Figural slingshot,"Hunting tool, personal object, or carved prestige item; exact use not documented",,,,figural slingshot,Untitled object 133,Low to moderate for object type; low for specific cultural attribution.,Interpretive caution: cultural group should remain broad without object-specific documentation or provenance.,,,,,image/png
coll133,TC-2015-21,,Guro- or Yaure-Style Face Mask with Crest,,,,"This carved wooden face mask has a smooth oval face, half-closed slit eyes, small pursed mouth, central forehead ridge, and elaborate crest with side projections. The refined face and crest arrangement relate to Guro, Yaure, and related Cote d'Ivoire masking traditions. The mask balances calm facial modeling with an animated upper silhouette.",,1900,Late 19th–early 20th century,Late 19th–early 20th century,,,,Côte d’Ivoire,Physical Object,,Object,,,Jackson State University. (electronic version); JSUMS ART. (electronic version),,,IN COPYRIGHT; http://rightsstatements.org/vocab/InC/1.0/,All rights reserved. Reproduction or redistribution requires written permission from Jackson State University.,Jackson State University.,Jackson State University African Art Collection.,JSU permanent collection,JSUMS ART.,"African Art, Jackson State University.",2678098,.png,1920,2200,,,,,,,,,,,JSU_africanart_TC201521.png,"Guro, Yaure, or related Cote d’Ivoire peoples, attribution uncertain","Guro peoples or Yaure peoples, possible","Cote d’Ivoire, possible","Cote d’Ivoire, possible","Carved wood, pigment or patina","Carved, smoothed, incised, patinated",Face mask / masquerade mask,Possibly masquerade performance; exact association not documented,,,,crested face mask,Untitled object 134,Low to moderate: Cote d’Ivoire mask comparison is plausible; exact attribution remains uncertain.,Interpretive caution: keep “style” or “possibly” language without object-specific documentation or provenance.,,,,,image/png
coll134,TC-2015-22,,Kota-Style Reliquary Guardian Figure (Mbulu Ngulu Type),,,,"This wooden reliquary guardian figure has a large oval face, crescent-shaped upper crest, side projections, central neck, and open diamond-shaped lower body. The composition recalls Kota mbulu ngulu reliquary guardian figures from Gabon and the Republic of the Congo. Its gleaming, frontal form evokes the protective presence of ancestral reliquary sculpture.",,1900,Late 19th–early 20th century,Late 19th–early 20th century,,,,Gabon or Republic of the Congo,Physical Object,,Object,,,Jackson State University. (electronic version); JSUMS ART. (electronic version),,,IN COPYRIGHT; http://rightsstatements.org/vocab/InC/1.0/,All rights reserved. Reproduction or redistribution requires written permission from Jackson State University.,Jackson State University.,Jackson State University African Art Collection.,JSU permanent collection,JSUMS ART.,"African Art, Jackson State University.",2008320,.png,1920,2200,,,,,,,,,,,JSU_africanart_TC201522.png,"Kota-style, attribution uncertain","Kota peoples or related Gabon/Congo peoples, possible","Gabon or Republic of the Congo, possible","Gabon or Republic of the Congo, possible","Carved wood, pigment or patina; possible metal or applied surface elements","Carved, incised, assembled; possible metal-clad surface",Reliquary guardian figure / mbulu ngulu-style figure,Associated by comparison with ancestral reliquary guardians; exact collection function not documented,,,,reliquary guardian figure,Untitled object 135,"Moderate: form strongly recalls Kota reliquary guardian figures, but subgroup and provenance are unknown.",Interpretive caution: possible ancestral-reliquary association; avoid claiming direct ceremonial/spiritual use without object-specific documentation or provenance.,,,,,image/png
coll135,TC-2015-23,,Makonde-Style Ujamaa or Tree-of-Life Figural Sculpture,,,,"This carved wooden sculpture is composed of multiple interlocking human figures rising from a shared base. The repeated elongated bodies and heads form a clustered vertical composition. The work resembles Makonde ujamaa, or Tree of Life, carving traditions from Tanzania and Mozambique, where linked figures can suggest kinship, community, and continuity.",,1900,Late 19th–early 20th century,Late 19th–early 20th century,,,,Tanzania or Mozambique,Physical Object,,Object,,,Jackson State University. (electronic version); JSUMS ART. (electronic version),,,IN COPYRIGHT; http://rightsstatements.org/vocab/InC/1.0/,All rights reserved. Reproduction or redistribution requires written permission from Jackson State University.,Jackson State University.,Jackson State University African Art Collection.,JSU permanent collection,JSUMS ART.,"African Art, Jackson State University.",2237884,.png,1920,2200,,,,,,,,,,,JSU_africanart_TC201523.png,"Makonde-style, attribution uncertain","Makonde peoples, possible","Tanzania or Mozambique, possible","East Africa, possible","Carved wood, reddish-brown pigment or patina","Carved in openwork/interlocking figural composition, patinated",Ujamaa / Tree of Life figural sculpture,"Decorative, commemorative, or market/modern carving tradition; exact use not documented",,,,ujamaa sculpture,Untitled object 136,Moderate: clustered interlocking figures match Makonde-style ujamaa carvings; object-specific provenance is absent.,Interpretive caution: may be a modern market or studio carving; avoid assigning ceremonial/spiritual function without object-specific evidence.,,,,,image/png
coll136,TC-2015-24,,Composite Power Object with Metal Studs and Fiber,,,,"This narrow composite object has a carved wooden body, rows of inserted metal tacks or studs, fiber or hair-like material at the top, and a rounded lower end. The added materials suggest a protective or spiritually significant object from Central or West-Central Africa. Its studded surface creates a dense, tactile field.",,1900,Late 19th–early 20th century,Late 19th–early 20th century,,,,Central or West-Central Africa,Physical Object,,Object,,,Jackson State University. (electronic version); JSUMS ART. (electronic version),,,IN COPYRIGHT; http://rightsstatements.org/vocab/InC/1.0/,All rights reserved. Reproduction or redistribution requires written permission from Jackson State University.,Jackson State University.,Jackson State University African Art Collection.,JSU permanent collection,JSUMS ART.,"African Art, Jackson State University.",1940395,.png,1920,2200,,,,,,,,,,,JSU_africanart_TC201524.png,"Central or West-Central African peoples, attribution uncertain",Unidentified,"Central or West-Central Africa, uncertain","Central or West-Central Africa, uncertain","Carved wood, metal tacks or studs, fiber or hair, pigment or patina","Carved, studded, assembled, fiber attachment",Composite object / charm or spiritually significant object,"Possibly protective, oath-related, ceremonial, or spiritually significant object; exact function not documented",,,,composite power object,Untitled object 137,"Low: visible mixed materials suggest a power object, but attribution and use are uncertain.",Interpretive caution: potentially culturally or spiritually sensitive object; avoid identifying contents or ceremonial/spiritual role beyond visible evidence and documented comparanda.,,,,,image/png
coll137,TC-2015-25,,Geometric Mask or Figural Panel with Superstructure,,,,"This carved wooden mask-like object or figural panel has a small lower face or body, bold black-and-white geometric painting, and an openwork rectangular superstructure above. The angular design relates broadly to Central African visual traditions, including Songye or Luba-related forms. The combination of painted geometry and openwork gives the object a striking graphic presence.",,1900,Late 19th–early 20th century,Late 19th–early 20th century,,,,"Central Africa, Democratic Republic of the Congo",Physical Object,,Object,,,Jackson State University. (electronic version); JSUMS ART. (electronic version),,,IN COPYRIGHT; http://rightsstatements.org/vocab/InC/1.0/,All rights reserved. Reproduction or redistribution requires written permission from Jackson State University.,Jackson State University.,Jackson State University African Art Collection.,JSU permanent collection,JSUMS ART.,"African Art, Jackson State University.",1546008,.png,1920,2200,,,,,,,,,,,JSU_africanart_TC201525.png,"Central African peoples, attribution uncertain","Songye, Luba, or related peoples, possible","Central Africa, possibly Democratic Republic of the Congo","Central Africa, possibly Democratic Republic of the Congo","Carved wood, black and white pigment or paint, patina","Carved, openwork, pigment-applied",Mask-like panel / figural ceremonial or spiritually significant object,"Possibly masquerade, shrine, or spiritually significant object; exact use not documented",,,,geometric mask-like object,Untitled object 138,"Low: geometric features suggest Central African comparison, but object type and culture are uncertain.",Interpretive caution: use descriptive terminology until stronger provenance or source evidence is available.,,,,,image/png
coll138,TC-2015-26,,Kota-Style Reliquary Guardian Figure (Mbulu Ngulu Type),,,,"This wooden reliquary guardian figure has an oval metal-faced head, broad side panels, crescent-like crest, pendant side elements, and open diamond-shaped lower body. The form closely recalls Kota mbulu ngulu reliquary guardian figures from Gabon and the Republic of the Congo. Such figures were traditionally associated with ancestral reliquary bundles and guardian presence.",,1900,Late 19th–early 20th century,Late 19th–early 20th century,,,,Gabon or Republic of the Congo,Physical Object,,Object,,,Jackson State University. (electronic version); JSUMS ART. (electronic version),,,IN COPYRIGHT; http://rightsstatements.org/vocab/InC/1.0/,All rights reserved. Reproduction or redistribution requires written permission from Jackson State University.,Jackson State University.,Jackson State University African Art Collection.,JSU permanent collection,JSUMS ART.,"African Art, Jackson State University.",2043097,.png,1920,2200,,,,,,,,,,,JSU_africanart_TC201526.png,"Kota-style, attribution uncertain","Kota peoples or related Gabon/Congo peoples, possible","Gabon or Republic of the Congo, possible","Gabon or Republic of the Congo, possible","Carved wood, metal or metal-like applied surface, pigment or patina","Carved, metal-clad or metal-like surface, incised, assembled",Reliquary guardian figure / mbulu ngulu-style figure,Associated by comparison with ancestral reliquary guardians; exact collection function not documented,,,,reliquary guardian figure,Untitled object 139,Moderate: visual form strongly supports Kota-style mbulu ngulu identification; subgroup and provenance are unknown.,Interpretive caution: possible ancestral-reliquary association; avoid claiming direct ceremonial/spiritual use without object-specific documentation or provenance.,,,,,image/png
coll139,TC-2015-27,,Kasai-Region Style Face Mask with Projecting Eyes,,,,"This carved wooden face mask has a rounded form, large projecting circular eyes, long triangular nose, open angular mouth, and painted or incised geometric surface patterning. The features relate to Kasai-region and related Central African masking traditions. Its projecting eyes and patterned surface create a bold, animated face.",,1900,Late 19th–early 20th century,Late 19th–early 20th century,,,,"Democratic Republic of the Congo, Kasai region",Physical Object,,Object,,,Jackson State University. (electronic version); JSUMS ART. (electronic version),,,IN COPYRIGHT; http://rightsstatements.org/vocab/InC/1.0/,All rights reserved. Reproduction or redistribution requires written permission from Jackson State University.,Jackson State University.,Jackson State University African Art Collection.,JSU permanent collection,JSUMS ART.,"African Art, Jackson State University.",2274167,.png,1920,2200,,,,,,,,,,,JSU_africanart_TC201527.png,"Kasai-region or Central African peoples, attribution uncertain","Kete, Kuba, Pende, or related peoples, possible","Democratic Republic of the Congo, Kasai region, possible","Democratic Republic of the Congo, Kasai region, possible","Carved wood, pigment or paint, patina","Carved, pierced, pigment-applied",Face mask / masquerade mask,Possibly masquerade performance; exact use not documented,,,,face mask,Untitled object 140,"Low to moderate: mask form and geometric painting suggest a Kasai/Central African comparison, but exact attribution is uncertain.",Interpretive caution: former Kifwebe-style reading should remain qualified; visible features are not sufficient for a secure Songye/Luba attribution.,,,,,image/png
coll140,TC-2015-28,,Luba-Style Caryatid Figure or Headrest Support,,,,"This carved wooden figural support has an elongated ridged face, central crest, bent arms, and a rounded central form held against the torso. The composition suggests a caryatid support, headrest element, or related prestige carving in a Central African, possibly Luba-related, style. The figure's body appears to serve both sculptural and supportive purposes.",,1900,Late 19th–early 20th century,Late 19th–early 20th century,,,,Democratic Republic of the Congo,Physical Object,,Object,,,Jackson State University. (electronic version); JSUMS ART. (electronic version),,,IN COPYRIGHT; http://rightsstatements.org/vocab/InC/1.0/,All rights reserved. Reproduction or redistribution requires written permission from Jackson State University.,Jackson State University.,Jackson State University African Art Collection.,JSU permanent collection,JSUMS ART.,"African Art, Jackson State University.",1809498,.png,1920,2200,,,,,,,,,,,JSU_africanart_TC201528.png,"Luba-style or Central African, attribution uncertain","Luba peoples, possible","Democratic Republic of the Congo, possible","Democratic Republic of the Congo, possible","Carved wood, cord or fiber, pigment or patina","Carved, incised, assembled or wrapped fiber element",Caryatid figure / headrest or support element,"Possibly prestige support, headrest, stool, or related carved object; exact function not documented",,,,caryatid figure,Untitled object 141,"Low: visible carving suggests Central African/Luba-style support rather than power figure, but object type is uncertain.",Interpretive caution: former power-figure reading has been replaced with a more cautious support/headrest interpretation based on the image.,,,,,image/png
coll141,TC-2015-29,,Mangbetu-Style Ceremonial Sickle Knife with Figural Handle,,,,"This curved sickle-form knife or prestige implement has a dark blade or sheath-like body and a carved figural handle. The handle includes a small human head framed by two upward-curving projections. The form relates to Mangbetu and northeastern Congolese prestige knives, where sculptural handles and distinctive blades could signal status and ceremony.",,1900,Late 19th–early 20th century,Late 19th–early 20th century,,,,Northeastern Democratic Republic of the Congo,Physical Object,,Object,,,Jackson State University. (electronic version); JSUMS ART. (electronic version),,,IN COPYRIGHT; http://rightsstatements.org/vocab/InC/1.0/,All rights reserved. Reproduction or redistribution requires written permission from Jackson State University.,Jackson State University.,Jackson State University African Art Collection.,JSU permanent collection,JSUMS ART.,"African Art, Jackson State University.",1329194,.png,1920,2200,,,,,,,,,,,JSU_africanart_TC201529.png,"Mangbetu-style or Central African, attribution uncertain","Mangbetu peoples, possible","Northeastern Democratic Republic of the Congo, possible","Northeastern Democratic Republic of the Congo, possible","Wood, metal or dark blade/sheath material, pigment or patina","Carved, incised, assembled",Ceremonial sickle knife / prestige implement,"Possibly prestige, ceremonial, or status display object; exact use not documented",,,,ceremonial sickle knife,Untitled object 142,Low to moderate: sickle-knife form is visible; Mangbetu-style attribution is tentative.,Interpretive caution: avoid presenting as a confirmed Mangbetu trumbash without stronger provenance.,,,,,image/png
coll142,TC-2015-30,,West African Figural Slingshot,,,,"This carved wooden slingshot has two forked arms forming the sling supports and a simplified anthropomorphic body as the handle. The compact body, long forked supports, and worn surface relate to African figural slingshots found in several West African traditions. Its practical form is transformed through the human figure.",,1900,Late 19th–early 20th century,Late 19th–early 20th century,,,,Côte d’Ivoire or Burkina Faso/Ghana borderlands,Physical Object,,Object,,,Jackson State University. (electronic version); JSUMS ART. (electronic version),,,IN COPYRIGHT; http://rightsstatements.org/vocab/InC/1.0/,All rights reserved. Reproduction or redistribution requires written permission from Jackson State University.,Jackson State University.,Jackson State University African Art Collection.,JSU permanent collection,JSUMS ART.,"African Art, Jackson State University.",1314276,.png,1920,2200,,,,,,,,,,,JSU_africanart_TC201530.png,"West African peoples, possibly Baule or Lobi, attribution uncertain","Baule peoples or Lobi peoples, possible","Cote d’Ivoire or Burkina Faso/Ghana borderlands, possible","West Africa, possible","Carved wood, patina","Carved, smoothed, patinated",Slingshot / utilitarian object with figural carving,"Hunting tool, personal object, or carved prestige item; exact use not documented",,,,figural slingshot,Untitled object 143,Low to moderate for object type; low for specific cultural attribution.,Interpretive caution: cultural group should remain broad without object-specific documentation or provenance.,,,,,image/png
coll143,TC-2015-31,,West African Figural Slingshot with Female Figure,,,,"This carved wooden slingshot has forked supports and a female anthropomorphic handle with a rounded head, breasts, and projecting abdomen. Figural slingshots are associated with several West African carving traditions, including Baule and Lobi examples. The object turns a handheld implement into a sculptural female form.",,1900,Late 19th–early 20th century,Late 19th–early 20th century,,,,Côte d’Ivoire or Burkina Faso/Ghana borderlands,Physical Object,,Object,,,Jackson State University. (electronic version); JSUMS ART. (electronic version),,,IN COPYRIGHT; http://rightsstatements.org/vocab/InC/1.0/,All rights reserved. Reproduction or redistribution requires written permission from Jackson State University.,Jackson State University.,Jackson State University African Art Collection.,JSU permanent collection,JSUMS ART.,"African Art, Jackson State University.",1185824,.png,1920,2200,,,,,,,,,,,JSU_africanart_TC201531.png,"West African peoples, possibly Baule or Lobi, attribution uncertain","Baule peoples or Lobi peoples, possible","Cote d’Ivoire or Burkina Faso/Ghana borderlands, possible","West Africa, possible","Carved wood, dark patina","Carved, smoothed, patinated",Figural slingshot,"Hunting tool, personal object, or carved prestige item; exact use not documented",,,,figural slingshot,Untitled object 144,Low to moderate for object type; low for specific cultural attribution.,Interpretive caution: cultural group should remain broad without object-specific documentation or provenance.,,,,,image/png
coll144,TC-2015-32,,West African Figural Slingshot with Female Torso,,,,"This carved wooden figural slingshot has two forked supports and a stylized female torso marked by breasts and a projecting abdomen. The form relates to West African figural slingshots, especially Baule or Lobi-associated examples. Its simplified body and worn surface suggest an object designed for both use and display.",,1900,Late 19th–early 20th century,Late 19th–early 20th century,,,,Côte d’Ivoire or Burkina Faso/Ghana borderlands,Physical Object,,Object,,,Jackson State University. (electronic version); JSUMS ART. (electronic version),,,IN COPYRIGHT; http://rightsstatements.org/vocab/InC/1.0/,All rights reserved. Reproduction or redistribution requires written permission from Jackson State University.,Jackson State University.,Jackson State University African Art Collection.,JSU permanent collection,JSUMS ART.,"African Art, Jackson State University.",1403483,.png,1920,2200,,,,,,,,,,,JSU_africanart_TC201532.png,"West African peoples, possibly Baule or Lobi, attribution uncertain","Baule peoples or Lobi peoples, possible","Cote d’Ivoire or Burkina Faso/Ghana borderlands, possible","West Africa, possible","Carved wood, light patina","Carved, smoothed, patinated",Figural slingshot,"Hunting tool, personal object, or carved prestige item; exact use not documented",,,,figural slingshot,Untitled object 145,Low to moderate for object type; low for specific cultural attribution.,Interpretive caution: cultural group should remain broad without object-specific documentation or provenance.,,,,,image/png
coll145,TC-2015-33,,West African Figural Slingshot with Female Figure,,,,"This carved wooden slingshot has a female anthropomorphic handle with rounded head, small breasts, projecting abdomen, and two long forked legs or sling supports. The object belongs to the broad category of West African figural slingshots. Its compact figure and elongated fork create a strong visual rhythm.",,1900,Late 19th–early 20th century,Late 19th–early 20th century,,,,Côte d’Ivoire or Burkina Faso/Ghana borderlands,Physical Object,,Object,,,Jackson State University. (electronic version); JSUMS ART. (electronic version),,,IN COPYRIGHT; http://rightsstatements.org/vocab/InC/1.0/,All rights reserved. Reproduction or redistribution requires written permission from Jackson State University.,Jackson State University.,Jackson State University African Art Collection.,JSU permanent collection,JSUMS ART.,"African Art, Jackson State University.",1295190,.png,1920,2200,,,,,,,,,,,JSU_africanart_TC201533.png,"West African peoples, possibly Baule or Lobi, attribution uncertain","Baule peoples or Lobi peoples, possible","Cote d’Ivoire or Burkina Faso/Ghana borderlands, possible","West Africa, possible","Carved wood, pigment or patina","Carved, smoothed, patinated",Figural slingshot,"Hunting tool, personal object, or carved prestige item; exact use not documented",,,,figural slingshot,Untitled object 146,Low to moderate for object type; low for specific cultural attribution.,Interpretive caution: cultural group should remain broad without object-specific documentation or provenance.,,,,,image/png
coll146,TC-2015-34,,West African Figural Slingshot,,,,"This carved wooden slingshot has an elongated anthropomorphic body, rounded head, long forked legs or sling arms, and worn dark patina. The form relates broadly to West African figural slingshots, including Baule and Lobi-associated examples. Its attenuated body makes the tool read as a small standing figure.",,1900,Late 19th–early 20th century,Late 19th–early 20th century,,,,Côte d’Ivoire or Burkina Faso/Ghana borderlands,Physical Object,,Object,,,Jackson State University. (electronic version); JSUMS ART. (electronic version),,,IN COPYRIGHT; http://rightsstatements.org/vocab/InC/1.0/,All rights reserved. Reproduction or redistribution requires written permission from Jackson State University.,Jackson State University.,Jackson State University African Art Collection.,JSU permanent collection,JSUMS ART.,"African Art, Jackson State University.",1234044,.png,1920,2200,,,,,,,,,,,JSU_africanart_TC201534.png,"West African peoples, possibly Baule or Lobi, attribution uncertain","Baule peoples or Lobi peoples, possible","Cote d’Ivoire or Burkina Faso/Ghana borderlands, possible","West Africa, possible","Carved wood, dark patina","Carved, smoothed, patinated",Figural slingshot,"Hunting tool, personal object, or carved prestige item; exact use not documented",,,,figural slingshot,Untitled object 147,Low to moderate for object type; low for specific cultural attribution.,Interpretive caution: cultural group should remain broad without object-specific documentation or provenance.,,,,,image/png
coll147,TC-2015-35,,West African Figural Slingshot,,,,"This carved wooden slingshot has an anthropomorphic handle, elongated body, rounded head, bent arm, and two long forked legs forming the sling supports. The object relates to West African figural slingshots, especially Baule or Lobi-associated examples. Its asymmetrical arm and worn surface give the handle a lively sculptural presence.",,1900,Late 19th–early 20th century,Late 19th–early 20th century,,,,Côte d’Ivoire or Burkina Faso/Ghana borderlands,Physical Object,,Object,,,Jackson State University. (electronic version); JSUMS ART. (electronic version),,,IN COPYRIGHT; http://rightsstatements.org/vocab/InC/1.0/,All rights reserved. Reproduction or redistribution requires written permission from Jackson State University.,Jackson State University.,Jackson State University African Art Collection.,JSU permanent collection,JSUMS ART.,"African Art, Jackson State University.",1471658,.png,1920,2200,,,,,,,,,,,JSU_africanart_TC201535.png,"West African peoples, possibly Baule or Lobi, attribution uncertain","Baule peoples or Lobi peoples, possible","Cote d’Ivoire or Burkina Faso/Ghana borderlands, possible","West Africa, possible","Carved wood, patina","Carved, smoothed, patinated",Figural slingshot,"Hunting tool, personal object, or carved prestige item; exact use not documented",,,,figural slingshot,Untitled object 148,Low to moderate for object type; low for specific cultural attribution.,Interpretive caution: cultural group should remain broad without object-specific documentation or provenance.,,,,,image/png
coll148,JA-2022-40,,Grassfields-Style Button-Covered Masquerade Headdress,,,,"This conical fiber or textile headdress is densely covered with sewn buttons and topped with bound twig-like projections. The form relates to masquerade and prestige costume elements from the Cameroon Grassfields region, including Bamileke-related traditions. The buttoned surface catches light in a way that recalls the visual richness of beadwork.",,1900,Late 19th–early 20th century,Late 19th–early 20th century,,,,Cameroon Grassfields,Physical Object,,Object,,,Jackson State University. (electronic version); JSUMS ART. (electronic version),,,IN COPYRIGHT; http://rightsstatements.org/vocab/InC/1.0/,All rights reserved. Reproduction or redistribution requires written permission from Jackson State University.,Jackson State University.,Jackson State University African Art Collection.,JSU permanent collection,JSUMS ART.,"African Art, Jackson State University.",2765796,.png,1920,2200,,,,,,,,,,,JSU_africanart_COLL148.png,"Cameroon Grassfields-style, possibly Bamileke, attribution uncertain","Bamileke or neighboring Grassfields peoples, possible","Cameroon Grassfields, possible","Cameroon Grassfields, possible","Textile or fiber, sewn buttons, cord, twig or plant material","Sewn, assembled, wrapped or bound",Masquerade headdress / costume element,"Possibly masquerade, prestige display, or performance costume; exact use not documented",,,,masquerade headdress,Untitled object 149,Low: headdress form is clear; Grassfields/Bamileke attribution is tentative.,"Interpretive caution: use cautious attribution because buttons may reflect local adaptation, repair, or later embellishment.",,,,,image/png
coll149,TC-2015-11?,,Mumuye-Style Standing Figure with Tall Crest,,,,"This carved wooden standing figure rises from an integral base with compact bent legs, elongated torso, block-like shoulders, long neck, and tall helmet-like head or crest. The abstraction, verticality, and carved-away arm areas relate to Mumuye figure sculpture from Nigeria. The object's attenuated form creates a strong architectural silhouette.",,1900,Late 19th–early 20th century,Late 19th–early 20th century,,,,"Nigeria, Benue River Valley region",Physical Object,,Object,,,Jackson State University. (electronic version); JSUMS ART. (electronic version),,,IN COPYRIGHT; http://rightsstatements.org/vocab/InC/1.0/,All rights reserved. Reproduction or redistribution requires written permission from Jackson State University.,Jackson State University.,Jackson State University African Art Collection.,JSU permanent collection,JSUMS ART.,"African Art, Jackson State University.",1308341,.png,1920,2200,,,,,,,,,,,JSU_africanart_TC201511.png,"Mumuye-style, attribution uncertain","Mumuye peoples, possible","Nigeria, Benue River Valley region, possible","Nigeria, possible","Carved wood, pigment or patina","Carved, incised, patinated",Standing figure / figural sculpture,"Possibly ancestral, protective, divinatory, or prestige figure; exact function not documented",,,,standing figure,New record from unmatched image 126.png,"Low to moderate: image supports a Mumuye-style comparison, but row/file mismatch and lack of provenance require caution.",Interpretive caution: maintain “style” language unless a source confirms the attribution.,,,,,image/png
coll150,JA-2022-01,,Central African Maternity Figure,,,,"This carved wooden maternity figure has a large head, seated or kneeling posture, bent arms, geometric torso patterning, and a small child held at the front. The subject evokes maternity, lineage, ancestry, and protection within a Central African sculptural idiom. The close placement of mother and child emphasizes continuity and care.",,1900,Late 19th–early 20th century,Late 19th–early 20th century,,,,"Central Africa, Democratic Republic of the Congo",Physical Object,,Object,,,Jackson State University. (electronic version); JSUMS ART. (electronic version),,,IN COPYRIGHT; http://rightsstatements.org/vocab/InC/1.0/,All rights reserved. Reproduction or redistribution requires written permission from Jackson State University.,Jackson State University.,Jackson State University African Art Collection.,JSU permanent collection,JSUMS ART.,"African Art, Jackson State University.",1694372,.png,1920,2200,,,,,,,,,,,JSU_africanart_JA202201.png,"Central African peoples, possibly Luba, Hemba, or Kongo-related, attribution uncertain","Luba, Hemba, or Kongo-related peoples, possible","Central Africa, possibly Democratic Republic of the Congo","Central Africa, possibly Democratic Republic of the Congo","Carved wood, pigment or patina","Carved, incised, patinated",Maternity figure / mother-and-child sculpture,"Possibly lineage, fertility-related, ancestral, or protective imagery; exact use not documented",,,,maternity figure,New record from unmatched image 150.png,Low to moderate: mother-and-child subject is clear; cultural attribution remains tentative.,Interpretive caution: function and cultural attribution should remain qualified without object-specific documentation or provenance.,,,,,image/png
coll151,JA-2022-02,,Teke- or Kongo-Style Power Figure with Beads and Abdominal Cavity,,,,"This small carved wooden figure has a rounded head, metal earrings or wire attachments, bead necklace, and circular abdominal cavity or charge area. The abdominal feature and ornaments relate to Central African power figures, especially Teke buti and Kongo nkisi-related forms. The figure's compact body concentrates attention on the charged center.",,1900,Late 19th–early 20th century,Late 19th–early 20th century,,,,Republic of the Congo or Democratic Republic of the Congo,Physical Object,,Object,,,Jackson State University. (electronic version); JSUMS ART. (electronic version),,,IN COPYRIGHT; http://rightsstatements.org/vocab/InC/1.0/,All rights reserved. Reproduction or redistribution requires written permission from Jackson State University.,Jackson State University.,Jackson State University African Art Collection.,JSU permanent collection,JSUMS ART.,"African Art, Jackson State University.",1527038,.png,1920,2200,,,,,,,,,,,JSU_africanart_JA202202.png,"Central African, possibly Teke or Kongo, attribution uncertain","Teke peoples or Kongo peoples, possible","Republic of the Congo or Democratic Republic of the Congo, possible","Republic of the Congo or Democratic Republic of the Congo, possible","Carved wood, beads, metal or wire, pigment or patina; possible former charge materials","Carved, assembled, bead and metal attachment, cavity or charge preparation",Power figure / charm figure,"Possibly protective, healing, judicial, or personal spiritually significant object; specific use not documented",,,,power figure,New record from unmatched image 151.png,Low to moderate: abdominal cavity supports power-figure comparison; culture and contents are uncertain.,Interpretive caution: potentially culturally or spiritually sensitive object; describe materials and visible features without claiming undocumented ritual contents.,,,,,image/png
coll152,JA-2022-03,,Teke- or Kongo-Style Power Figure with Abdominal Charge,,,,"This small standing figure has a rounded head, short arms, earring-like metal attachments, and a circular abdominal charge or insert. The visible abdominal element relates to Central African power figures such as Teke buti and Kongo nkisi traditions. The figure's simple body is animated by its ornaments and central cavity.",,1900,Late 19th–early 20th century,Late 19th–early 20th century,,,,Republic of the Congo or Democratic Republic of the Congo,Physical Object,,Object,,,Jackson State University. (electronic version); JSUMS ART. (electronic version),,,IN COPYRIGHT; http://rightsstatements.org/vocab/InC/1.0/,All rights reserved. Reproduction or redistribution requires written permission from Jackson State University.,Jackson State University.,Jackson State University African Art Collection.,JSU permanent collection,JSUMS ART.,"African Art, Jackson State University.",1518489,.png,1920,2200,,,,,,,,,,,JSU_africanart_JA202203.png,"Central African, possibly Teke or Kongo, attribution uncertain","Teke peoples or Kongo peoples, possible","Republic of the Congo or Democratic Republic of the Congo, possible","Republic of the Congo or Democratic Republic of the Congo, possible","Carved wood, metal or wire, pigment or patina, possible organic or resinous charge material","Carved, assembled, charge insertion, metal attachment",Power figure / charm figure,"Possibly protective, healing, judicial, or personal spiritually significant object; specific use not documented",,,,power figure,New record from unmatched image 152.png,Low to moderate: abdominal charge supports power-figure identification; specific culture is uncertain.,Interpretive caution: potentially culturally or spiritually sensitive object; avoid identifying ritual contents or use beyond visible evidence and documented comparanda.,,,,,image/png
coll153,JA-2022-04,,Painted Face Mask with Rectangular Eyes,,,,"This carved wooden face mask has a pointed oval outline, rectangular eye openings, pronounced central ridge, open rectangular mouth with teeth, and red, white, and dark painted surface. The mask is described through its visible features, which combine sharp geometry with strong color contrast. Its direct gaze and tooth-baring mouth create an expressive public face.",,1900,Late 19th–early 20th century,Late 19th–early 20th century,,,,West or Central Africa,Physical Object,,Object,,,Jackson State University. (electronic version); JSUMS ART. (electronic version),,,IN COPYRIGHT; http://rightsstatements.org/vocab/InC/1.0/,All rights reserved. Reproduction or redistribution requires written permission from Jackson State University.,Jackson State University.,Jackson State University African Art Collection.,JSU permanent collection,JSUMS ART.,"African Art, Jackson State University.",2605070,.png,1920,2200,,,,,,,,,,,JSU_africanart_JA202204.png,Unidentified West or Central African peoples,Unidentified,"West or Central Africa, uncertain","West or Central Africa, uncertain","Carved wood, red, white, and dark pigment or paint",,Painted face mask / masquerade mask,"Probably associated with masquerade, performance, or ceremonial display; exact performance context is not documented.",,,,painted face mask,New record from unmatched image 153.png,"Low: mask type is clear, but cultural attribution is not secure.",Interpretive caution: descriptive title is preferable until a stronger source supports cultural identification.,,,,,image/png
coll154,JA-2022-05,,Fang Ngil-Style White Face Mask,,,,"This carved wooden face mask has a pale white surface, elongated oval face, small slit eyes, long narrow nose, and open mouth. The white pigment and elongated facial type relate to Fang Ngil masks from Gabon and neighboring areas. Its spare features create a solemn, elongated presence.",,1900,Late 19th–early 20th century,Late 19th–early 20th century,,,,Gabon or neighboring Equatorial African region,Physical Object,,Object,,,Jackson State University. (electronic version); JSUMS ART. (electronic version),,,IN COPYRIGHT; http://rightsstatements.org/vocab/InC/1.0/,All rights reserved. Reproduction or redistribution requires written permission from Jackson State University.,Jackson State University.,Jackson State University African Art Collection.,JSU permanent collection,JSUMS ART.,"African Art, Jackson State University.",2487351,.png,1920,2200,,,,,,,,,,,JSU_africanart_JA202205.png,"Fang Ngil-style, attribution uncertain","Fang peoples, possible","Gabon or neighboring Equatorial African region, possible","Gabon or neighboring Equatorial African region, possible","Carved wood, white pigment or kaolin, patina","Carved, pigment-applied",White face mask / masquerade mask,"Possibly associated with initiation, social regulation, or ancestral-spirit contexts in comparison with Ngil masks; exact use not documented",,,,white face mask,New record from unmatched image 154.png,Low to moderate: white elongated face supports a Fang Ngil-style comparison; attribution is not documented.,Interpretive caution: potentially associated with restricted society histories; keep attribution and function qualified.,,,,,image/png
coll155,JA-2022-06,,Pende-Style Oval Face Mask with Teeth,,,,"This carved wooden oval face mask has half-closed eyes, long narrow nose, incised surface patterning, and an open mouth with projecting teeth. The facial proportions and expressive mouth relate to Pende and neighboring Central African mask forms. Its combination of calm eyes and exposed teeth gives the mask a vivid expression.",,1900,Late 19th–early 20th century,Late 19th–early 20th century,,,,Democratic Republic of the Congo,Physical Object,,Object,,,Jackson State University. (electronic version); JSUMS ART. (electronic version),,,IN COPYRIGHT; http://rightsstatements.org/vocab/InC/1.0/,All rights reserved. Reproduction or redistribution requires written permission from Jackson State University.,Jackson State University.,Jackson State University African Art Collection.,JSU permanent collection,JSUMS ART.,"African Art, Jackson State University.",2469328,.png,1920,2200,,,,,,,,,,,JSU_africanart_JA202206.png,"Pende-style or Central African, attribution uncertain","Pende peoples, possible","Democratic Republic of the Congo, possible","Democratic Republic of the Congo, possible","Carved wood, pigment or patina","Carved, incised, patinated",Face mask / masquerade mask,Possibly masquerade performance; exact function not documented,,,,oval face mask,New record from unmatched image 155.png,"Low: mask form is clear, but Pende-style attribution is tentative.",Interpretive caution: avoid treat the Pende attribution as confirmed without collection or provenance evidence.,,,,,image/png
coll156,JA-2022-07,,Kifwebe-Style Face Mask with Figural Crest,,,,"This carved wooden face mask has a vertical central ridge, long nose, striated cheek and brow panels, protruding rectangular mouth, and a small figural or crest element above the head. The ridged and striated facial design relates to Songye and Luba kifwebe masking traditions. The crest and projecting mouth add sculptural complexity to the face.",,1900,Late 19th–early 20th century,Late 19th–early 20th century,,,,Democratic Republic of the Congo,Physical Object,,Object,,,Jackson State University. (electronic version); JSUMS ART. (electronic version),,,IN COPYRIGHT; http://rightsstatements.org/vocab/InC/1.0/,All rights reserved. Reproduction or redistribution requires written permission from Jackson State University.,Jackson State University.,Jackson State University African Art Collection.,JSU permanent collection,JSUMS ART.,"African Art, Jackson State University.",2216906,.png,1920,2200,,,,,,,,,,,JSU_africanart_JA202207.png,"Songye or Luba-style, attribution uncertain","Songye peoples or Luba peoples, possible","Democratic Republic of the Congo, possible","Democratic Republic of the Congo, possible","Carved wood, pigment or patina","Carved, incised, pigment-applied",Face mask with crest / masquerade mask,Possibly masquerade performance; exact association not documented,,,,kifwebe-style face mask,New record from unmatched image 156.png,Low to moderate: striated mask features support a kifwebe-style comparison; the specific group and use are uncertain.,Interpretive caution: kifwebe attribution is visual and should remain qualified.,,,,,image/png
coll157,JA-2022-08,,Lega-Style Small Mask or Maskette with Raffia Beard,,,,"This small wooden mask or maskette has a heart-shaped concave face, central ridge, slit eyes, traces of light pigment, and a long raffia or fiber beard. The form relates to Lega Bwami mask traditions. Its pale face and fiber beard create a strong contrast between smooth surface and textured attachment.",,1900,Late 19th–early 20th century,Late 19th–early 20th century,,,,Democratic Republic of the Congo,Physical Object,,Object,,,Jackson State University. (electronic version); JSUMS ART. (electronic version),,,IN COPYRIGHT; http://rightsstatements.org/vocab/InC/1.0/,All rights reserved. Reproduction or redistribution requires written permission from Jackson State University.,Jackson State University.,Jackson State University African Art Collection.,JSU permanent collection,JSUMS ART.,"African Art, Jackson State University.",2271625,.png,1920,2200,,,,,,,,,,,JSU_africanart_JA202208.png,"Lega-style, attribution uncertain","Lega peoples, possible","Democratic Republic of the Congo, possible","Democratic Republic of the Congo, possible","Carved wood, raffia or fiber, pigment or patina","Carved, pierced, pigment-applied, fiber attachment",Small mask / maskette,Possibly associated with Bwami instruction or initiation contexts; exact function not documented,,,,small mask with raffia beard,New record from unmatched image 157.png,Low to moderate: heart-shaped face and fiber beard support a Lega-style comparison; specific type is uncertain.,Interpretive caution: possible initiation-society or association object; describe cautiously and avoid unsupported ceremonial/spiritual details.,,,,,image/png
coll158,JA-2022-09,,Mumuye-Style Standing Figure,,,,"This standing wooden figure has an elongated head and neck, open looped arms surrounding the torso, bent legs, and a block base. The openwork arms and attenuated body relate to Mumuye-style figure sculpture from Nigeria. Its vertical structure gives the body a light, architectural quality.",,1900,Late 19th–early 20th century,Late 19th–early 20th century,,,,"Nigeria, Benue River Valley region",Physical Object,,Object,,,Jackson State University. (electronic version); JSUMS ART. (electronic version),,,IN COPYRIGHT; http://rightsstatements.org/vocab/InC/1.0/,All rights reserved. Reproduction or redistribution requires written permission from Jackson State University.,Jackson State University.,Jackson State University African Art Collection.,JSU permanent collection,JSUMS ART.,"African Art, Jackson State University.",1423141,.png,1920,2200,,,,,,,,,,,JSU_africanart_JA202209.png,"Mumuye-style, attribution uncertain","Mumuye peoples, possible","Nigeria, Benue River Valley region, possible","Nigeria, possible","Carved wood, dark patina","Carved, openwork, patinated",Standing figure / figural sculpture,"Possibly ancestral, protective, divinatory, or prestige figure; exact function not documented",,,,standing figure,New record from unmatched image 158.png,Moderate: form strongly resembles Mumuye figure sculpture; exact cultural attribution remains unverified.,Interpretive caution: use “Mumuye-style” unless documentary provenance confirms the attribution.,,,,,image/png
coll159,JA-2022-10,,Baule-Style Standing Female Figure,,,,"This standing female figure has an oval face, high coiffure, long neck, pendant breasts, bent arms, compact legs, and a small base. The balanced pose and idealized body relate to Baule waka sran and spirit-spouse figures. Its refined silhouette suggests beauty, composure, and personal presence.",,1900,Late 19th–early 20th century,Late 19th–early 20th century,,,,Côte d’Ivoire,Physical Object,,Object,,,Jackson State University. (electronic version); JSUMS ART. (electronic version),,,IN COPYRIGHT; http://rightsstatements.org/vocab/InC/1.0/,All rights reserved. Reproduction or redistribution requires written permission from Jackson State University.,Jackson State University.,Jackson State University African Art Collection.,JSU permanent collection,JSUMS ART.,"African Art, Jackson State University.",1222620,.png,1920,2200,,,,,,,,,,,JSU_africanart_JA202210.png,"Baule-style, attribution uncertain","Baule peoples, possible","Cote d’Ivoire, possible","Cote d’Ivoire, possible","Carved wood, pigment or patina","Carved, smoothed, patinated",Standing female figure / figural sculpture,"Possibly personal spirit-spouse, ancestor, or prestige figure; function not documented",,,,standing female figure,New record from unmatched image 159.png,Low to moderate: female figural form is clear; Baule-style attribution is visual and unconfirmed.,Interpretive caution: attribution and function are tentative; avoid presenting as a documented Baule ceremonial or spiritually significant object without supporting provenance.,,,,,image/png
coll160,JA-2022-11,,Small Standing Figure with Abdominal Element,,,,"This small standing figure has a stylized head, compact torso, separated arms, short legs, and a projecting abdominal or central body element. The central feature relates to Central African charm and power-figure traditions, including Kongo or Teke-related forms. The figure's compact body emphasizes the abdomen as a focal point.",,1900,Late 19th–early 20th century,Late 19th–early 20th century,,,,Central Africa,Physical Object,,Object,,,Jackson State University. (electronic version); JSUMS ART. (electronic version),,,IN COPYRIGHT; http://rightsstatements.org/vocab/InC/1.0/,All rights reserved. Reproduction or redistribution requires written permission from Jackson State University.,Jackson State University.,Jackson State University African Art Collection.,JSU permanent collection,JSUMS ART.,"African Art, Jackson State University.",1042742,.png,1920,2200,,,,,,,,,,,JSU_africanart_JA202211.png,"Central African peoples, possibly Kongo or Teke-related, attribution uncertain","Kongo, Teke, or related peoples, possible","Central Africa, possibly Democratic Republic of the Congo or Republic of the Congo","Central Africa, possibly Democratic Republic of the Congo or Republic of the Congo","Carved wood, pigment or patina",Carved and patinated,Small standing figure / figural sculpture,"Unknown; possibly personal, charm-related, fertility-related, ceremonial, prestige, or decorative, but function is not documented.",,,,Small Standing Figure with Abdominal Element,Small Power Figure with Abdominal Element; New record from unmatched image 160.png,Low to moderate for broad Central African comparison; low for specific Kongo/Teke attribution and function.,Interpretive caution: potentially culturally or spiritually sensitive object because of abdominal element/cavity; avoid identifying contents or ceremonial/spiritual use beyond visible evidence and documented comparanda.,,,,,image/png
coll161,JA-2022-12,,Painted Oval Face Mask,,,,"This painted wooden face mask has slit eyes, a long nose, open mouth, and red, black, pale, and blue-green linear decoration. The painted bands enliven the oval face and emphasize its vertical structure. The mask is presented here as a visually distinctive masquerade face with a broad Central or West-Central African resonance.",,1900,Late 19th–early 20th century,Late 19th–early 20th century,,,,West or Central Africa,Physical Object,,Object,,,Jackson State University. (electronic version); JSUMS ART. (electronic version),,,IN COPYRIGHT; http://rightsstatements.org/vocab/InC/1.0/,All rights reserved. Reproduction or redistribution requires written permission from Jackson State University.,Jackson State University.,Jackson State University African Art Collection.,JSU permanent collection,JSUMS ART.,"African Art, Jackson State University.",2115956,.png,1920,2200,,,,,,,,,,,JSU_africanart_JA202212.png,"West or Central African peoples, attribution uncertain",Unidentified,"West or Central Africa, exact place unknown","West or Central Africa, exact place unknown","Carved wood, pigment or paint, patina","Carved, painted, pierced, and patinated",Painted face mask / masquerade mask,"Probably associated with masquerade, performance, display, or market production; exact context is not documented.",,,,Painted Oval Face Mask,Painted Face Mask; New record from unmatched image 161.png,"Low: mask form is clear, but cultural attribution is uncertain.","Interpretive caution: avoid assigning a specific group, spirit, or ceremony without object-specific documentation or provenance.",,,,,image/png
coll162,JA-2022-13,,Chokwe-Style Pwo Face Mask with Fiber Coiffure,,,,"This carved wooden female face mask has refined closed or downcast eyes, delicate nose and mouth, incised scarification-like motifs, dark patina, and attached fiber coiffure or costume elements. The form relates strongly to Chokwe and related pwo or mwana pwo masks from Angola, Zambia, and the Democratic Republic of the Congo. Its composed face presents an ideal of beauty and dignity.",,1900,Late 19th–early 20th century,Late 19th–early 20th century,,,,"Angola, Zambia, or Democratic Republic of the Congo",Physical Object,,Object,,,Jackson State University. (electronic version); JSUMS ART. (electronic version),,,IN COPYRIGHT; http://rightsstatements.org/vocab/InC/1.0/,All rights reserved. Reproduction or redistribution requires written permission from Jackson State University.,Jackson State University.,Jackson State University African Art Collection.,JSU permanent collection,JSUMS ART.,"African Art, Jackson State University.",2613656,.png,1920,2200,,,,,,,,,,,JSU_africanart_JA202213.png,"Chokwe or related Central African peoples, attribution tentative",Possibly Chokwe; not confirmed,"Angola, Zambia, or Democratic Republic of the Congo, uncertain","Angola, Zambia, or Democratic Republic of the Congo, uncertain","Carved wood, plant fiber, pigment or patina","Carved, incised, fiber-attached, and patinated",Pwo-style face mask / female masquerade mask,"Possibly associated with makishi masquerade and ideals of feminine beauty, maturity, ancestry, or initiation contexts; exact use is not documented.",,,,Chokwe-Style Pwo Face Mask with Fiber Coiffure,Pwo-Style Face Mask with Fiber Coiffure; New record from unmatched image 162.png,"Moderate: facial form, scarification, and fiber coiffure align with Chokwe/Pwo comparanda, but provenance is unavailable.","Interpretive caution: avoid assigning a precise mask name, dancer, initiation role, or ceremony without documentation.",,,,,image/png
coll163,JA-2022-14,,Lega-Style Dotted Face Mask,,,,"This carved wooden face mask has a pale surface, small eye openings, long central nose, small open mouth with notched lip or tooth detail, and dotted perforations or incised marks across the forehead and cheeks. The restrained pale face and dotted markings relate to Lega and related eastern Congolese mask traditions. Its quiet geometry gives the face a contemplative character.",,1900,Late 19th–early 20th century,Late 19th–early 20th century,,,,"Democratic Republic of the Congo, eastern Congo region",Physical Object,,Object,,,Jackson State University. (electronic version); JSUMS ART. (electronic version),,,IN COPYRIGHT; http://rightsstatements.org/vocab/InC/1.0/,All rights reserved. Reproduction or redistribution requires written permission from Jackson State University.,Jackson State University.,Jackson State University African Art Collection.,JSU permanent collection,JSUMS ART.,"African Art, Jackson State University.",2042313,.png,1920,2200,,,,,,,,,,,JSU_africanart_JA202214.png,"Lega or related eastern Congo peoples, attribution tentative",Possibly Lega; not confirmed,"Democratic Republic of the Congo, eastern Congo region, uncertain","Democratic Republic of the Congo, eastern Congo region, uncertain","Carved wood, pale pigment or kaolin, pigment or patina","Carved, pierced or dotted, pigment-applied, and patinated",Face mask / Lega-style mask,"Possibly associated with initiation, rank, or instructional display; exact use is not documented.",,,,Lega-Style Dotted Face Mask,Dotted Face Mask; New record from unmatched image 163.png,"Low to moderate: visual comparison suggests Lega-style mask, but attribution is unconfirmed.","Interpretive caution: avoid assigning a specific Bwami role, grade, or owner lineage without documentation.",,,,,image/png
coll164,JA-2022-15,,Lega-Style Small Face Mask with Raffia Fringe,,,,"This small carved wooden face mask has a pale facial surface, dark central nose, narrow eyes, red linear markings, small mouth, and surrounding raffia or plant-fiber fringe. The form and fiber surround relate to Lega lukwakongo and related Bwami-associated masks. Its compact face is enlivened by the contrast of pigment and fiber.",,1900,Late 19th–early 20th century,Late 19th–early 20th century,,,,"Democratic Republic of the Congo, eastern Congo region",Physical Object,,Object,,,Jackson State University. (electronic version); JSUMS ART. (electronic version),,,IN COPYRIGHT; http://rightsstatements.org/vocab/InC/1.0/,All rights reserved. Reproduction or redistribution requires written permission from Jackson State University.,Jackson State University.,Jackson State University African Art Collection.,JSU permanent collection,JSUMS ART.,"African Art, Jackson State University.",3206476,.png,1920,2200,,,,,,,,,,,JSU_africanart_JA202215.png,"Lega peoples, Democratic Republic of the Congo, attribution tentative",Possibly Lega; not confirmed,"Democratic Republic of the Congo, eastern Congo region, uncertain","Democratic Republic of the Congo, eastern Congo region, uncertain","Carved wood, pale and red pigment, raffia or plant fiber, patina","Carved, painted or pigment-applied, fiber-attached, and patinated",Small face mask / Lega-style maskette,"Possibly associated with Bwami initiation, rank display, or instructional contexts; exact use is not documented.",,,,Lega-Style Small Face Mask with Raffia Fringe,Small Face Mask with Raffia Surround; New record from unmatched image 164.png,"Low to moderate: visual features align with Lega-style comparanda, but provenance is unavailable.",Interpretive caution: avoid assigning exact Bwami grade or ceremonial role without documentation.,,,,,image/png
coll165,JA-2022-16,,Mangbetu-Style Trumbash Sickle Knife,,,,"This curved iron sickle knife or ceremonial blade has a dark forged blade, pierced openings near the blade base, and a carved wooden handle. The crescent-like blade and handle form relate to Mangbetu trumbash or trombash prestige knives from northeastern Democratic Republic of the Congo. The object combines metalwork and carving in a dramatic ceremonial silhouette.",,1900,Late 19th–early 20th century,Late 19th–early 20th century,,,,"Northeastern Democratic Republic of the Congo, Central Africa",Physical Object,,Object,,,Jackson State University. (electronic version); JSUMS ART. (electronic version),,,IN COPYRIGHT; http://rightsstatements.org/vocab/InC/1.0/,All rights reserved. Reproduction or redistribution requires written permission from Jackson State University.,Jackson State University.,Jackson State University African Art Collection.,JSU permanent collection,JSUMS ART.,"African Art, Jackson State University.",1021291,.png,1920,2200,,,,,,,,,,,JSU_africanart_JA202216.png,"Mangbetu or related northeastern Congo peoples, attribution tentative",Possibly Mangbetu; not confirmed,"Northeastern Democratic Republic of the Congo, Central Africa, uncertain","Northeastern Democratic Republic of the Congo, Central Africa, uncertain","Iron or metal blade, carved wood handle, pigment or patina","Forged or shaped metal, pierced blade, carved handle, patinated",Sickle knife / trumbash-style prestige or ceremonial knife,"Possibly a prestige, ceremonial, status, dance, or weapon-related object; exact use for this object is not documented.",,,,Mangbetu-Style Trumbash Sickle Knife,Ceremonial Axe or Adze; New record from unmatched image 165.png,Moderate for trumbash-style sickle knife identification; low to moderate for specific Mangbetu attribution.,"Interpretive caution: avoid assigning military rank, ritual dance use, or currency function without object-specific documentation or provenance.",,,,,image/png
coll166,JA-2022-17,,Zoomorphic Carved Staff or Handle,,,,"This long slender carved wooden object has an animal- or reptile-like body, pointed head, and tapering form. It may have served as a staff, handle, scepter, prestige object, or decorative zoomorphic carving. Its elongated animal form relates broadly to West and Central African traditions in which zoomorphic imagery marks power, movement, or identity.",,1900,Late 19th–early 20th century,Late 19th–early 20th century,,,,West or Central Africa,Physical Object,,Object,,,Jackson State University. (electronic version); JSUMS ART. (electronic version),,,IN COPYRIGHT; http://rightsstatements.org/vocab/InC/1.0/,All rights reserved. Reproduction or redistribution requires written permission from Jackson State University.,Jackson State University.,Jackson State University African Art Collection.,JSU permanent collection,JSUMS ART.,"African Art, Jackson State University.",865951,.png,1920,2200,,,,,,,,,,,JSU_africanart_JA202217.png,Unidentified West or Central African peoples,Unidentified,"West or Central Africa, exact place unknown","West or Central Africa, exact place unknown","Carved wood, pigment or patina",Carved and patinated,"Zoomorphic staff, handle, or prestige object","Unknown; possibly a staff, handle, scepter, prestige object, or decorative carving.",,,,Zoomorphic Carved Staff or Handle,Zoomorphic Staff or Scepter; New record from unmatched image 166.png,Low: West/Central African attribution is broad and visual; exact affiliation and function are uncertain.,"Interpretive caution: attribution remains broad and image-based; avoid assigning a specific people, country, or ceremonial/spiritual function without object-specific documentation or provenance.",,,,,image/png
coll167,JA-2022-18,,Lega-Style Oval Face Mask,,,,"This carved wooden oval mask has a pale worn surface, long central ridge or nose, small slit eyes, incised hairline or brow band, small mouth, and dark border. The restrained abstract features relate to Lega and related eastern Congolese mask traditions. Its weathered surface and reduced face create a quiet, meditative presence.",,1900,Late 19th–early 20th century,Late 19th–early 20th century,,,,"Democratic Republic of the Congo, eastern Congo region",Physical Object,,Object,,,Jackson State University. (electronic version); JSUMS ART. (electronic version),,,IN COPYRIGHT; http://rightsstatements.org/vocab/InC/1.0/,All rights reserved. Reproduction or redistribution requires written permission from Jackson State University.,Jackson State University.,Jackson State University African Art Collection.,JSU permanent collection,JSUMS ART.,"African Art, Jackson State University.",2344059,.png,1920,2200,,,,,,,,,,,JSU_africanart_JA202218.png,"Lega or related eastern Congo peoples, attribution tentative",Possibly Lega; not confirmed,"Democratic Republic of the Congo, eastern Congo region, uncertain","Democratic Republic of the Congo, eastern Congo region, uncertain","Carved wood, pale pigment or patina","Carved, pigment-applied, incised, and patinated",Face mask / Lega-style mask,"Possibly associated with initiation, rank, or instructional display in Lega-related contexts; exact use is not documented.",,,,Lega-Style Oval Face Mask,Oval Face Mask; New record from unmatched image 167.png,Low to moderate: visual comparison supports Lega-style attribution but provenance is absent.,"Interpretive caution: avoid assigning Bwami grade, owner lineage, or specific teaching role without documentation.",,,,,image/png
coll168,JA-2022-19,,Dan-We or Kran-Style Horned Face Mask with Raffia,,,,"This carved wooden face mask has a long narrow nose, half-closed slit eyes, projecting mouth, forked horn-like projections, dark patina, and attached raffia or plant fiber. The form relates to West African forest-region masks associated with Dan, We/Guere, Kran, and related groups. The projecting elements give the mask a dramatic, animated profile.",,1900,Late 19th–early 20th century,Late 19th–early 20th century,,,,"Liberia or Côte d’Ivoire, West Africa",Physical Object,,Object,,,Jackson State University. (electronic version); JSUMS ART. (electronic version),,,IN COPYRIGHT; http://rightsstatements.org/vocab/InC/1.0/,All rights reserved. Reproduction or redistribution requires written permission from Jackson State University.,Jackson State University.,Jackson State University African Art Collection.,JSU permanent collection,JSUMS ART.,"African Art, Jackson State University.",2458299,.png,1920,2200,,,,,,,,,,,JSU_africanart_JA202219.png,"Dan-We, Kran, or related West African forest-region peoples, attribution tentative","Possibly Dan, We/Guere, or Kran; not confirmed","Liberia or Cote d Ivoire, West Africa, uncertain","Liberia or Cote d Ivoire, West Africa, uncertain","Carved wood, raffia or plant fiber, pigment or patina","Carved, pierced, fiber-attached, and patinated",Horned face mask / masquerade mask,"Probably associated with masquerade or performance; exact mask name, wearer, and social role are not documented.",,,,Dan-We or Kran-Style Horned Face Mask with Raffia,Horned Face Mask with Raffia; New record from unmatched image 168.png,"Low to moderate: regional comparison is plausible, but exact group and function are uncertain.",Interpretive caution: west African masking traditions may involve named spirit-personae and restricted knowledge; avoid specific role assignments without documentation.,,,,,image/png
coll169,JA-2022-20,,Face Mask with Studded Forehead,,,,"This carved wooden face mask has an oval face, long central nose, small slit eyes, open mouth with visible teeth, red and dark facial pigment, and a forehead covered with rows of applied studs or tacks. The studded surface adds texture and visual intensity. The mask relates broadly to Central or West-Central African masquerade traditions.",,1900,Late 19th–early 20th century,Late 19th–early 20th century,,,,Central or West-Central Africa,Physical Object,,Object,,,Jackson State University. (electronic version); JSUMS ART. (electronic version),,,IN COPYRIGHT; http://rightsstatements.org/vocab/InC/1.0/,All rights reserved. Reproduction or redistribution requires written permission from Jackson State University.,Jackson State University.,Jackson State University African Art Collection.,JSU permanent collection,JSUMS ART.,"African Art, Jackson State University.",2840369,.png,1920,2200,,,,,,,,,,,JSU_africanart_JA202220.png,"Central or West-Central African peoples, attribution uncertain",Unidentified,"Central or West-Central Africa, exact place unknown","Central or West-Central Africa, exact place unknown","Carved wood, pigment or paint, applied studs or tacks, patina","Carved, painted, stud-applied, pierced, and patinated",Face mask / masquerade mask,Probably associated with masquerade or performance; exact character and context are not documented.,,,,Face Mask with Studded Forehead,Face Mask with Studded Forehead; New record from unmatched image 169.png,"Low: mask form and materials are visible, but cultural attribution remains uncertain.","Interpretive caution: avoid assigning a specific society, spirit, or performance role without documentation.",,,,,image/png
coll170,JA-2022-21,,Luba- or Central African-Style Headrest or Carved Support,,,,"This rectangular carved wooden support has a long flat upper platform and stylized face motifs at both ends. The form suggests a headrest, neckrest, or carved support rather than a flat panel. Its structure relates broadly to Central African headrests, including Luba and Luba-related traditions, where supports could combine function, prestige, and sculpture.",,1900,Late 19th–early 20th century,Late 19th–early 20th century,,,,Democratic Republic of the Congo or Central Africa,Physical Object,,Object,,,Jackson State University. (electronic version); JSUMS ART. (electronic version),,,IN COPYRIGHT; http://rightsstatements.org/vocab/InC/1.0/,All rights reserved. Reproduction or redistribution requires written permission from Jackson State University.,Jackson State University.,Jackson State University African Art Collection.,JSU permanent collection,JSUMS ART.,"African Art, Jackson State University.",1934547,.png,1920,2200,,,,,,,,,,,JSU_africanart_JA202221.png,"Central African peoples, possibly Luba or Luba-related, attribution uncertain",Possibly Luba or related group; not confirmed,"Democratic Republic of the Congo or Central Africa, uncertain","Democratic Republic of the Congo or Central Africa, uncertain","Carved wood, pigment or patina","Carved, incised, and patinated",Headrest / neckrest / carved support,Possibly used as a headrest or neck support to protect hairstyles and as a personal prestige object; exact use is not documented.,,,,Luba- or Central African-Style Headrest or Carved Support,Carved Panel or Headrest with Faces; New record from unmatched image 170.png,Low to moderate for headrest/support identification; low for specific culture.,"Interpretive caution: avoid assigning ownership, ancestral meaning, or a specific Luba workshop without object-specific documentation or provenance.",,,,,image/png
coll171,JA-2022-22,,Curved Horn or Tusk-Form Implement with Figural Head,,,,"This curved horn- or tusk-form implement has a small carved human head at one end and a long tapering body. The material may be horn, ivory, bone, or carved wood, and the form suggests a handle, prestige implement, ceremonial object, or decorative carving. The pairing of figural head and curved body creates a distinctive sculptural object.",,1900,Late 19th–early 20th century,Late 19th–early 20th century,,,,West or Central Africa,Physical Object,,Object,,,Jackson State University. (electronic version); JSUMS ART. (electronic version),,,IN COPYRIGHT; http://rightsstatements.org/vocab/InC/1.0/,All rights reserved. Reproduction or redistribution requires written permission from Jackson State University.,Jackson State University.,Jackson State University African Art Collection.,JSU permanent collection,JSUMS ART.,"African Art, Jackson State University.",1040101,.png,1920,2200,,,,,,,,,,,JSU_africanart_JA202222.png,Unidentified West or Central African peoples,Unidentified,"West or Central Africa, exact place unknown","West or Central Africa, exact place unknown","Possibly animal horn, ivory/tusk, bone, or carved wood; pigment or patina",Carved and patinated,Curved figural implement / horn- or tusk-form object,"Unknown; possibly a handle, prestige implement, ceremonial or spiritually significant object, or decorative carving.",,,,Curved Horn or Tusk-Form Implement with Figural Head,Ritual Horn or Curved Implement with Head; New record from unmatched image 171.png,"Low: broad West/Central African attribution is possible, but material, culture, and function require physical examination or provenance.","Interpretive caution: attribution remains broad and image-based; avoid assigning a specific people, country, or ceremonial/spiritual function without object-specific documentation or provenance.",,,,,image/png
coll172,JA-2022-23,,Lega-Style Lukwakongo Mask with Fiber Beard,,,,"This carved wooden mask has an oval or heart-shaped pale face, long narrow nose, small slit eyes, small mouth, darker brow and border, and attached fiber or raffia beard. These features relate to Lega lukwakongo and Bwami-associated masks from the Democratic Republic of the Congo. The pale face and textured beard create a strong contrast of surface and material.",,1900,Late 19th–early 20th century,Late 19th–early 20th century,,,,"Democratic Republic of the Congo, eastern Congo region",Physical Object,,Object,,,Jackson State University. (electronic version); JSUMS ART. (electronic version),,,IN COPYRIGHT; http://rightsstatements.org/vocab/InC/1.0/,All rights reserved. Reproduction or redistribution requires written permission from Jackson State University.,Jackson State University.,Jackson State University African Art Collection.,JSU permanent collection,JSUMS ART.,"African Art, Jackson State University.",1957015,.png,1920,2200,,,,,,,,,,,JSU_africanart_JA202223.png,"Lega peoples, Democratic Republic of the Congo, attribution tentative",Possibly Lega; not confirmed,"Democratic Republic of the Congo, eastern Congo region, uncertain","Democratic Republic of the Congo, eastern Congo region, uncertain","Carved wood, pale pigment or kaolin, raffia or plant fiber, patina","Carved, pigment-applied, pierced or fiber-attached, and patinated",Lukwakongo-style face mask / Bwami-associated mask,"Possibly associated with Lega Bwami initiation/rank display; exact grade, lineage, and performance or display context are not documented.",,,,Lega-Style Lukwakongo Mask with Fiber Beard,Face Mask with Fiber Attachments; New record from unmatched image 172.png,"Moderate: visible form and fiber beard align with Lega lukwakongo comparanda, but provenance is unavailable.","Interpretive caution: bwami objects can carry initiation-related meanings; avoid assigning rank, owner, or ceremonial role without documentation.",,,,,image/png
coll173,JA-2022-24,,Guro- or Yaure-Style Crested Mask,,,,"This carved and painted wooden mask, shown in profile, has a projecting mouth, strong nose, dark face, and tall abstract crest painted in red, pale, and dark tones. The dramatic crest and polychrome surface relate to Guro and Yaure-related mask traditions of Cote d'Ivoire. Its profile emphasizes movement, height, and theatrical presence.",,1900,Late 19th–early 20th century,Late 19th–early 20th century,,,,"Côte d’Ivoire, West Africa",Physical Object,,Object,,,Jackson State University. (electronic version); JSUMS ART. (electronic version),,,IN COPYRIGHT; http://rightsstatements.org/vocab/InC/1.0/,All rights reserved. Reproduction or redistribution requires written permission from Jackson State University.,Jackson State University.,Jackson State University African Art Collection.,JSU permanent collection,JSUMS ART.,"African Art, Jackson State University.",1545754,.png,1920,2200,,,,,,,,,,,JSU_africanart_JA202224.png,"Guro, Yaure, or related Cote d Ivoire peoples, attribution tentative",Possibly Guro or Yaure; not confirmed,"Cote d Ivoire, West Africa, uncertain","Cote d Ivoire, West Africa, uncertain","Carved wood, pigment or paint, patina","Carved, painted, and patinated",Crested face mask / masquerade mask,"Probably associated with masquerade or performance; exact mask name, character, and ceremony are not documented.",,,,Guro- or Yaure-Style Crested Mask,Crested Face Mask; New record from unmatched image 173.png,"Low to moderate: crest and painted form suggest Cote d Ivoire Guro/Yaure comparison, but exact attribution is uncertain.","Interpretive caution: avoid assigning a specific masquerade name, spirit, or society without object-specific documentation or provenance.",,,,,image/png
coll174,JA-2022-25,,Seated Mother-and-Child Figure,,,,"This seated female figure holds or nurses a small child at the front of the torso. The figure has a rounded head with cap-like coiffure or head covering, incised hairline, calm features, bent arms, seated pose, and circular base. The mother-and-child subject emphasizes nurture, continuity, and family or lineage connection.",,1900,Late 19th–early 20th century,Late 19th–early 20th century,,,,Central Africa,Physical Object,,Object,,,Jackson State University. (electronic version); JSUMS ART. (electronic version),,,IN COPYRIGHT; http://rightsstatements.org/vocab/InC/1.0/,All rights reserved. Reproduction or redistribution requires written permission from Jackson State University.,Jackson State University.,Jackson State University African Art Collection.,JSU permanent collection,JSUMS ART.,"African Art, Jackson State University.",1308453,.png,1920,2200,,,,,,,,,,,JSU_africanart_JA202225.png,"Central African peoples, possibly Chokwe or related region, attribution uncertain",Unidentified; possibly Chokwe or neighboring Central African group,"Central Africa, exact place unknown","Central Africa, exact place unknown","Carved wood, pigment or patina","Carved, incised, and patinated",Mother-and-child figure / maternity figure,"Possibly associated with maternity, lineage continuity, fertility-related meaning, ancestry, or display; exact function is not documented.",,,,Seated Mother-and-Child Figure,Seated Maternity Figure; New record from unmatched image 174.png,Moderate for mother-and-child figure identification; low for specific cultural attribution and function.,"Interpretive caution: mother-and-child imagery has varied meanings across African communities; avoid assigning a specific fertility, ancestor, or ceremonial/spiritual function without object-specific documentation or provenance.",,,,,image/png
coll175,JA-2022-26,,Namji-Style Fertility Doll with Beaded Face,,,,"This carved wooden standing doll-like figure has a large rounded head, a bead row running vertically down the face, raised eyes, triangular light-colored mouth element, elongated torso, arms held close to the body, bent legs, and worn dark patina. The geometric form and bead or metal embellishment relate to Namji, Namchi, or Dowayo fertility dolls from northern Cameroon. Its compact body and ornamented face create a striking personal object.",,1900,Late 19th–early 20th century,Late 19th–early 20th century,,,,Northern Cameroon,Physical Object,,Object,,,Jackson State University. (electronic version); JSUMS ART. (electronic version),,,IN COPYRIGHT; http://rightsstatements.org/vocab/InC/1.0/,All rights reserved. Reproduction or redistribution requires written permission from Jackson State University.,Jackson State University.,Jackson State University African Art Collection.,JSU permanent collection,JSUMS ART.,"African Art, Jackson State University.",1283075,.png,1920,2200,,,,,,,,,,,JSU_africanart_JA202226.png,"Namji/Namchi or Dowayo peoples, northern Cameroon, attribution tentative","Possibly Namji, Namchi, or Dowayo; not confirmed","Northern Cameroon, uncertain","Northern Cameroon, uncertain","Carved wood, glass or trade beads, possible metal or shell mouth element, pigment or patina","Carved, bead-applied, inlaid or applied detail, and patinated",Fertility doll / decorated figural doll,"Possibly associated with fertility, protection, bridehood, child play, or preparation for motherhood in Namji/Namchi/Dowayo traditions; exact use for this object is not documented.",,,,Namji-Style Fertility Doll with Beaded Face,Standing Female Figure with Beads; New record from unmatched image 175.png,"Moderate: visual form and bead embellishment closely match Namji/Namchi/Dowayo doll comparanda, but provenance is not available.","Interpretive caution: avoid asserting a specific fertility rite, charm function, owner, or ceremonial use without documentation.",,,,,image/png
coll176,JA-2022-27,,Decorated Calabash Vessel with Coiled Lid,,,,"This large calabash or gourd vessel has a rounded lower body, narrow neck, darkened surface, incised shoulder bands, applied light-colored shell or cutout ornaments, and a fitted coiled fiber lid with blue and natural concentric bands. The vessel was likely used or displayed as a container. Its decorated surface and fitted lid give it a refined domestic or ceremonial presence.",,1900,Late 19th–early 20th century,Late 19th–early 20th century,,,,"Africa, East Africa",Physical Object,,Object,,,Jackson State University. (electronic version); JSUMS ART. (electronic version),,,IN COPYRIGHT; http://rightsstatements.org/vocab/InC/1.0/,All rights reserved. Reproduction or redistribution requires written permission from Jackson State University.,Jackson State University.,Jackson State University African Art Collection.,JSU permanent collection,JSUMS ART.,"African Art, Jackson State University.",2688924,.png,1920,2200,,,,,,,,,,,JSU_africanart_JA202227.png,"Unidentified African peoples, possibly East African, attribution uncertain",Unidentified; possible East African gourd-container tradition,"Africa, possibly East Africa, exact place unknown","Africa, possibly East Africa, exact place unknown","Calabash or gourd, coiled plant fiber, pigment or patina, applied shell or light-colored ornaments, possible cord","Dried and hollowed gourd, incised, darkened or patinated, applied ornament, coiled fiber lid",Decorated calabash vessel / gourd container,"Probably used as a container for liquid, food, valuables, or display; exact contents and context are not documented.",,,,Decorated Calabash Vessel with Coiled Lid,Decorated Gourd or Vessel; New record from unmatched image 176.png,"Moderate for calabash/gourd vessel identification; low for region, community, and use.","Interpretive caution: avoid assigning a specific ethnic group, ritual, medicinal, or ceremonial use without object-specific documentation or provenance or object-specific documentation.",,,,,image/png
coll177,JA-2022-28,,Kifwebe-Style Face Mask,,,,"This carved wooden face mask has pale pigment, an elongated oval face, long central nose or crest, narrow slit eyes, projecting rectangular mouth, and small projecting ears. The features relate to kifwebe masks associated with Songye and Luba peoples of the Democratic Republic of the Congo. The pale face and projecting forms create a forceful geometric expression.",,1900,Late 19th–early 20th century,Late 19th–early 20th century,,,,"Democratic Republic of the Congo, Central Africa",Physical Object,,Object,,,Jackson State University. (electronic version); JSUMS ART. (electronic version),,,IN COPYRIGHT; http://rightsstatements.org/vocab/InC/1.0/,All rights reserved. Reproduction or redistribution requires written permission from Jackson State University.,Jackson State University.,Jackson State University African Art Collection.,JSU permanent collection,JSUMS ART.,"African Art, Jackson State University.",2590308,.png,1920,2200,,,,,,,,,,,JSU_africanart_JA202228.png,"Songye or Luba peoples, Democratic Republic of the Congo, attribution tentative",Possibly Songye or Luba; not confirmed,"Democratic Republic of the Congo, Central Africa, uncertain","Democratic Republic of the Congo, Central Africa, uncertain","Carved wood, pale pigment or paint, patina","Carved, pierced, painted or pigment-applied, and patinated",Face mask / Kifwebe-style masquerade mask,"Probably associated with masquerade or performance traditions; exact gendered category, rank, and ceremonial/spiritual context are not documented.",,,,Kifwebe-Style Face Mask,Pale Face Mask; New record from unmatched image 177.png,Moderate for Kifwebe-style identification; low to moderate for specific Songye or Luba attribution and function.,"Interpretive caution: kifwebe masks can have specific social, gendered, and ceremonial or spiritual roles; avoid assigning a precise name, rank, or ceremonial function without documentation.",,,,,image/png
coll178,JA-2022-29,,Namji-Style Fertility Doll with Bead Ornaments,,,,"This carved wooden standing doll-like figure has an elongated geometric body, rounded head, ridged central coiffure or head form, small arms at the sides, projecting navel or abdominal element, and bead ornaments at the ears and neck. The form and embellishment relate strongly to Namji, Namchi, or Dowayo fertility dolls from northern Cameroon. Its ornamented body suggests personal significance and protective presence.",,1900,Late 19th–early 20th century,Late 19th–early 20th century,,,,Northern Cameroon,Physical Object,,Object,,,Jackson State University. (electronic version); JSUMS ART. (electronic version),,,IN COPYRIGHT; http://rightsstatements.org/vocab/InC/1.0/,All rights reserved. Reproduction or redistribution requires written permission from Jackson State University.,Jackson State University.,Jackson State University African Art Collection.,JSU permanent collection,JSUMS ART.,"African Art, Jackson State University.",1603257,.png,1920,2200,,,,,,,,,,,JSU_africanart_JA202229.png,"Namji/Namchi or Dowayo peoples, northern Cameroon, attribution tentative","Possibly Namji, Namchi, or Dowayo; not confirmed","Northern Cameroon, uncertain","Northern Cameroon, uncertain","Carved wood, glass or trade beads, pigment or patina, possible fiber or cord","Carved, pierced or ornamented, bead-strung, and patinated",Fertility doll / decorated figural doll,"Possibly associated with fertility, protection, bridehood, or potential motherhood, as in Namji/Namchi/Dowayo doll traditions; exact use for this object is not documented.",,,,Namji-Style Fertility Doll with Bead Ornaments,Standing Power Figure with Abdominal Charge; New record from unmatched image 178.png,"Moderate: visual form and bead ornamentation closely match Namji/Namchi/Dowayo fertility doll comparanda, but provenance is not available.","Interpretive caution: avoid treating the figure as a generic power figure or asserting a specific fertility rite, owner, or charm function without documentation.",,,,,image/png
coll179,JA-2022-30,,Seated Colon Figure with Brimmed Hat,,,,"This carved and painted seated male figure wears a brimmed hat and has simplified facial features, projecting ears, pale painted clothing or body surface, and legs integrated into a chair-like base. The object belongs to the broad African colon-figure genre, which often depicts colonial officials, Europeanized Africans, or contemporary social types in painted wood. Its seated posture and clothing mark it as a social portrait type.",,1900,Late 19th–early 20th century,Late 19th–early 20th century,,,,"West Africa, Côte d’Ivoire",Physical Object,,Object,,,Jackson State University. (electronic version); JSUMS ART. (electronic version),,,IN COPYRIGHT; http://rightsstatements.org/vocab/InC/1.0/,All rights reserved. Reproduction or redistribution requires written permission from Jackson State University.,Jackson State University.,Jackson State University African Art Collection.,JSU permanent collection,JSUMS ART.,"African Art, Jackson State University.",1525223,.png,1920,2200,,,,,,,,,,,JSU_africanart_JA202230.png,"West African peoples, possibly Baule or related Cote d Ivoire workshop, attribution uncertain",Possibly Baule or related West African workshop; not confirmed,"West Africa, possibly Cote d Ivoire, uncertain","West Africa, possibly Cote d Ivoire, uncertain","Carved wood, paint or pigment, patina","Carved, painted, and patinated",Colon figure / seated genre figure,"Probably made as a colonial-era or postcolonial genre figure, souvenir, prestige/display object, or social commentary; exact use and intended subject are not documented.",,,,Seated Colon Figure with Brimmed Hat,Seated Figure with Hat; New record from unmatched image 179.png,"Moderate for colon-figure genre identification; low for specific culture, workshop, subject, and date.","Interpretive caution: colon figures can reflect colonial encounters, satire, adaptation, or market production; avoid assuming the figure represents a specific official, ethnicity, or political meaning without documentation.",,,,,image/png
coll180,JA-2022-31,,Baule-Style Standing Female Figure,,,,"This carved wooden standing female figure has an elongated body, long arms held close to the sides, downcast eyes, small mouth, high crested coiffure, facial scarification, small breasts, and worn dark patina. These features relate closely to Baule female figures and spirit-spouse figures from Cote d'Ivoire. The figure's elegant vertical form conveys composure and idealized beauty.",,1900,Late 19th–early 20th century,Late 19th–early 20th century,,,,"Côte d’Ivoire, West Africa",Physical Object,,Object,,,Jackson State University. (electronic version); JSUMS ART. (electronic version),,,IN COPYRIGHT; http://rightsstatements.org/vocab/InC/1.0/,All rights reserved. Reproduction or redistribution requires written permission from Jackson State University.,Jackson State University.,Jackson State University African Art Collection.,JSU permanent collection,JSUMS ART.,"African Art, Jackson State University.",1101326,.png,1920,2200,,,,,,,,,,,JSU_africanart_JA202231.png,"Baule peoples, Cote d Ivoire, attribution tentative",Possibly Baule; not confirmed,"Cote d Ivoire, West Africa, uncertain","Cote d Ivoire, West Africa, uncertain","Carved wood, pigment or patina","Carved, incised, and patinated",Standing female figure / Baule-style figural sculpture,"Possibly a spirit-spouse figure, personal figure, or prestige/display sculpture; exact function is not documented.",,,,Baule-Style Standing Female Figure,Standing Female Figure with Crested Coiffure; New record from unmatched image 180.png,"Moderate: visual features strongly align with Baule-style female figure comparanda, but provenance and function are not documented.","Interpretive caution: avoid identifying the figure definitively as blolo bla, ancestor, shrine figure, or portrait without object-specific documentation or provenance or collection documentation.",,,,,image/png
coll181,JA-2022-32,,Seated Female Figure with Abdominal Cavity,,,,"This small seated female figure has a rounded head, raised eyes, open mouth, breasts, hands at the abdomen, bent legs, and a circular cavity or missing inset at the belly. The abdominal cavity relates to Central African figures that held inserted materials, including Kongo or Teke-related power-object traditions. The figure's pose centers attention on the body as a place of meaning.",,1900,Late 19th–early 20th century,Late 19th–early 20th century,,,,Central Africa,Physical Object,,Object,,,Jackson State University. (electronic version); JSUMS ART. (electronic version),,,IN COPYRIGHT; http://rightsstatements.org/vocab/InC/1.0/,All rights reserved. Reproduction or redistribution requires written permission from Jackson State University.,Jackson State University.,Jackson State University African Art Collection.,JSU permanent collection,JSUMS ART.,"African Art, Jackson State University.",1364914,.png,1920,2200,,,,,,,,,,,JSU_africanart_JA202232.png,"Central African peoples, possibly Kongo or Teke-related, attribution uncertain","Kongo, Teke, or related peoples, possible","Central Africa, possibly Democratic Republic of the Congo or Republic of the Congo","Central Africa, possibly Democratic Republic of the Congo or Republic of the Congo","Carved wood, pigment or patina, possible missing inserted material","Carved, drilled or hollowed, and patinated",Seated female figure / figural sculpture,"Unknown; possibly associated with protection, fertility, healing, personal devotion, or display, but no function is documented for this object.",,,,Seated Female Figure with Abdominal Cavity,Small Seated Power Figure; New record from unmatched image 181.png,Low to moderate for broad Central African/power-object comparison; low for specific Kongo/Teke attribution and function.,Interpretive caution: potentially culturally or spiritually sensitive object because of abdominal element/cavity; avoid identifying contents or ceremonial/spiritual use beyond visible evidence and documented comparanda.,,,,,image/png
coll182,JA-2022-33,,Standing Figure with Diagonal Sash or Wrapped Torso,,,,"This carved wooden standing figure has an elongated neck, rounded head, dark glossy face, pale highlighted facial features, small ears, and a rectangular upper body crossed by a raised diagonal sash or wrap. The lower body tapers into a long support or skirt-like form. The object relates broadly to Central or West-Central African figural sculpture.",,1900,Late 19th–early 20th century,Late 19th–early 20th century,,,,Central or West-Central Africa,Physical Object,,Object,,,Jackson State University. (electronic version); JSUMS ART. (electronic version),,,IN COPYRIGHT; http://rightsstatements.org/vocab/InC/1.0/,All rights reserved. Reproduction or redistribution requires written permission from Jackson State University.,Jackson State University.,Jackson State University African Art Collection.,JSU permanent collection,JSUMS ART.,"African Art, Jackson State University.",1291395,.png,1920,2200,,,,,,,,,,,JSU_africanart_JA202233.png,Unidentified Central or West-Central African peoples,Unidentified,"Central or West-Central Africa, exact place unknown","Central or West-Central Africa, exact place unknown","Carved wood, pigment or patina","Carved, painted or pigment-highlighted, and patinated",Standing figure / figural sculpture,"Unknown; possibly personal, commemorative, ceremonial, prestige, or decorative, but function is not documented.",,,,Standing Figure with Diagonal Sash or Wrapped Torso,Standing Wrapped Figure; New record from unmatched image 182.png,Low: Central/West-Central regional attribution is a cautious visual comparison; no secure cultural or functional attribution from available evidence.,"Interpretive caution: attribution remains broad and image-based; avoid assigning a specific people, country, or ceremonial/spiritual function without object-specific documentation or provenance.",,,,,image/png
coll183,JA-2022-34,,Pair of Kuba-Style Figural Palm-Wine Cups,,,,"This pair of carved wooden cups has deep rounded bowls, pedestal bases, worn polished interiors, and projecting human-head or figural handles. The form relates to Kuba and Kuba-influenced palm-wine or prestige cups from the Democratic Republic of the Congo. The figural handles transform the vessels into objects of status and display.",,1900,Late 19th–early 20th century,Late 19th–early 20th century,,,,"Democratic Republic of the Congo, Kasai region",Physical Object,,Object,,,Jackson State University. (electronic version); JSUMS ART. (electronic version),,,IN COPYRIGHT; http://rightsstatements.org/vocab/InC/1.0/,All rights reserved. Reproduction or redistribution requires written permission from Jackson State University.,Jackson State University.,Jackson State University African Art Collection.,JSU permanent collection,JSUMS ART.,"African Art, Jackson State University.",1428488,.png,1920,2200,,,,,,,,,,,JSU_africanart_JA202234.png,"Kuba or Kuba-influenced Central African peoples, attribution tentative",Possibly Kuba; not confirmed,"Democratic Republic of the Congo, possibly Kasai region, uncertain","Democratic Republic of the Congo, possibly Kuba communities, uncertain","Carved wood, pigment or patina","Carved, hollowed, incised, and patinated",Pair of figural palm-wine cups / prestige cups,"Probably used or displayed as palm-wine drinking vessels, hospitality objects, or prestige/status cups; exact use for this pair is not documented.",,,,Pair of Kuba-Style Figural Palm-Wine Cups,Pair of Carved Cups or Containers; New record from unmatched image 183.png,"Moderate for palm-wine/prestige cup identification; low to moderate for Kuba attribution. Form aligns with Kuba-style comparanda, but provenance is not available.","Interpretive caution: avoid assigning titleholder ownership, court use, ritual drinking context, or a specific Kuba subgroup without documentation.",,,,,image/png
coll184,JA-2022-35,,Fish-Form Carved Wooden Object,,,,"This elongated carved wooden object takes the form of a fish or aquatic animal, with a tapered tail or blade-like extension, rounded head, small inlaid or painted eye, and worn brown surface. Fish-form carving and aquatic imagery appear in multiple West and Central African traditions. The streamlined body gives the object a sense of movement.",,1900,Late 19th–early 20th century,Late 19th–early 20th century,,,,West or Central Africa,Physical Object,,Object,,,Jackson State University. (electronic version); JSUMS ART. (electronic version),,,IN COPYRIGHT; http://rightsstatements.org/vocab/InC/1.0/,All rights reserved. Reproduction or redistribution requires written permission from Jackson State University.,Jackson State University.,Jackson State University African Art Collection.,JSU permanent collection,JSUMS ART.,"African Art, Jackson State University.",801096,.png,1920,2200,,,,,,,,,,,JSU_africanart_JA202235.png,Unidentified West or Central African peoples,Unidentified,"West or Central Africa, exact place unknown","West or Central Africa, exact place unknown","Carved wood, pigment or patina, possible inlay at eye","Carved, smoothed, and patinated; possible inlay or applied detail",Fish-form carved object,"Unknown; possibly decorative, symbolic, tool-related, or performance-related, but function is not documented.",,,,Fish-Form Carved Wooden Object,Fish- or Blade-Shaped Carved Object; New record from unmatched image 184.png,Low: object type is based on visual description only; broad West/Central African attribution is tentative and function is not confirmed.,"Interpretive caution: attribution remains broad and image-based; avoid assigning a specific people, country, or ceremonial/spiritual function without object-specific documentation or provenance.",,,,,image/png
coll185,JA-2022-36,,Chokwe-Style Mother-and-Child Figure,,,,"This carved wooden standing female figure holds a small child against the torso. The figure has a tall crest-like coiffure, arched brows, heavy-lidded eyes, facial scarification, ringed neck, broad feet, and a dark worn patina. The mother-and-child subject and style relate to Chokwe and related Central African maternity figures, emphasizing continuity and care.",,1900,Late 19th–early 20th century,Late 19th–early 20th century,,,,"Angola or Democratic Republic of the Congo, Central Africa",Physical Object,,Object,,,Jackson State University. (electronic version); JSUMS ART. (electronic version),,,IN COPYRIGHT; http://rightsstatements.org/vocab/InC/1.0/,All rights reserved. Reproduction or redistribution requires written permission from Jackson State University.,Jackson State University.,Jackson State University African Art Collection.,JSU permanent collection,JSUMS ART.,"African Art, Jackson State University.",1243246,.png,1920,2200,,,,,,,,,,,JSU_africanart_JA202236.png,"Chokwe or related Central African peoples, attribution tentative",Possibly Chokwe; not confirmed,"Angola or Democratic Republic of the Congo, Central Africa, uncertain","Angola or Democratic Republic of the Congo, Central Africa, uncertain","Carved wood, pigment or patina","Carved, incised, and patinated",Mother-and-child figure / maternity figure,"Possibly associated with ideals of maternity, lineage continuity, fertility, ancestry, or prestige; exact use is not documented for this object.",,,,Chokwe-Style Mother-and-Child Figure,Standing Power Figure with Child; New record from unmatched image 185.png,"Moderate for mother-and-child figure identification; low to moderate for Chokwe-style attribution. Visual features fit Central African maternity figure comparanda, but provenance is not available.","Interpretive caution: avoid assigning a specific ritual, fertility, ancestor, or power-function interpretation without documentation; mother-and-child imagery has varied meanings across Central African communities.",,,,,image/png
coll186,JA-2022-37,,Dan-Style Face Mask with Fiber Coiffure,,,,"This carved wooden oval mask has a high smooth forehead, large circular eye openings, arched brow ridge, long nose, slightly open protruding mouth, and braided or twisted fiber coiffure along the top and sides. The form relates most closely to Dan-style masks from Liberia and Cote d'Ivoire. Its polished face and fiber coiffure create a vivid contrast of materials.",,1900,Late 19th–early 20th century,Late 19th–early 20th century,,,,"Liberia or Côte d’Ivoire, West Africa",Physical Object,,Object,,,Jackson State University. (electronic version); JSUMS ART. (electronic version),,,IN COPYRIGHT; http://rightsstatements.org/vocab/InC/1.0/,All rights reserved. Reproduction or redistribution requires written permission from Jackson State University.,Jackson State University.,Jackson State University African Art Collection.,JSU permanent collection,JSUMS ART.,"African Art, Jackson State University.",3151912,.png,1920,2200,,,,,,,,,,,JSU_africanart_JA202237.png,"Dan-style, Liberia or Cote d Ivoire, attribution tentative",Possibly Dan; not confirmed,"Liberia or Cote d Ivoire, West Africa, uncertain","Liberia or Cote d Ivoire, West Africa, uncertain","Carved wood, plant fiber, pigment or patina","Carved, pierced, patinated, and fiber-attached",Face mask / masquerade mask,"Probably associated with masquerade or performance; exact name, role, costume, and social function are not documented.",,,,Dan-Style Face Mask with Fiber Coiffure,Mask with Large Round Eyes; New record from unmatched image 186.png,"Moderate: visual form and fiber coiffure are consistent with Dan-style mask comparanda, but exact attribution and function are unconfirmed.","Interpretive caution: dan and neighboring masking traditions can involve named spirit-personae, restricted knowledge, and performance-specific identities; avoid assigning a precise mask name or role without documentation.",,,,,image/png
coll187,JA-2022-38,,Pende-Style Mbuya Cap Mask,,,,"This carved wooden face mask has a broad rounded forehead, heavy downcast eyelids, long nose, open mouth, projecting ears, pointed chin, and cap-like coiffure with incised crosshatch and horizontal bands. The features relate closely to Pende mbuya and cap-mask traditions from the Democratic Republic of the Congo. Its dramatic face combines refinement with expressive force.",,1900,Late 19th–early 20th century,Late 19th–early 20th century,,,,"Democratic Republic of the Congo, Kwango or Kwilu region",Physical Object,,Object,,,Jackson State University. (electronic version); JSUMS ART. (electronic version),,,IN COPYRIGHT; http://rightsstatements.org/vocab/InC/1.0/,All rights reserved. Reproduction or redistribution requires written permission from Jackson State University.,Jackson State University.,Jackson State University African Art Collection.,JSU permanent collection,JSUMS ART.,"African Art, Jackson State University.",2480337,.png,1920,2200,,,,,,,,,,,JSU_africanart_JA202238.png,"Pende peoples, Democratic Republic of the Congo, attribution tentative","Pende, not confirmed","Democratic Republic of the Congo, possibly Kwango or Kwilu region, uncertain","Democratic Republic of the Congo, possibly Pende communities, uncertain","Carved wood, pigment or patina","Carved, incised, pierced, and patinated",Face mask / mbuya-style cap mask,"Probably associated with masquerade or performance traditions; exact genre, role, and performance context are not documented for this object.",,,,Pende-Style Mbuya Cap Mask,Face Mask with Cap-Like Coiffure; New record from unmatched image 187.png,"Moderate: visual features are consistent with Pende mbuya/cap-mask comparanda, but the attribution is not confirmed by provenance.","Interpretive caution: pende masking traditions may involve community-specific performance roles and restricted knowledge; avoid assigning a precise mask name, character, ceremony, or wearer without documentation.",,,,,image/png
coll188,JA-2022-39,,Figural Slingshot Handle with Twin Figures,,,,"This carved wooden slingshot or catapult handle has a fork formed by two elongated human figures standing back-to-back or side by side on a shared handle. The object has a worn surface, simplified limbs, prominent ears, and crest-like head forms. As a West African figural slingshot, it transforms a handheld implement into a sculptural image of paired bodies.",,1900,Late 19th–early 20th century,Late 19th–early 20th century,,,,"West Africa, Côte d’Ivoire or Burkina Faso",Physical Object,,Object,,,Jackson State University. (electronic version); JSUMS ART. (electronic version),,,IN COPYRIGHT; http://rightsstatements.org/vocab/InC/1.0/,All rights reserved. Reproduction or redistribution requires written permission from Jackson State University.,Jackson State University.,Jackson State University African Art Collection.,JSU permanent collection,JSUMS ART.,"African Art, Jackson State University.",2245817,.png,1920,2200,,,,,,,,,,,JSU_africanart_JA202239.png,"West African peoples, possibly Baule or Lobi-region, attribution uncertain",Possibly Baule or Lobi; not confirmed,"West Africa, possibly Cote d Ivoire or Burkina Faso, uncertain","West Africa, possibly Cote d Ivoire or Burkina Faso, uncertain","Carved wood, pigment or patina","Carved, smoothed, and patinated",Figural slingshot / catapult handle,Probably a handheld slingshot used for small-game or bird hunting and/or as a display of carving skill; talismanic or prestige associations are possible for some West African figural slingshots but are not documented for this object.,,,,Figural Slingshot Handle with Twin Figures,Double Figural Forked Object; New record from unmatched image 188.png,"Moderate for object type; low for specific culture or country. Forked handle and figural prongs closely match West African carved slingshot comparanda, but provenance is not available.","Interpretive caution: avoid assigning a specific maker, ethnic group, ceremonial/spiritual role, or protective-spirit function without documentation. If used in hunting or talismanic contexts, associated meanings may vary by community and owner.",,,,,image/png
coll189,JA-2023-01,,Seated figure support,,,,"This carved Luba object presents a seated figure above a circular support. The elongated head, composed posture, and compact arrangement emphasize balance and concentrated presence while fuller research into the object’s original function and context continues.",,,,,,teaching collection; object-based learning; collection study; cataloging,,Democratic Republic of the Congo,Physical Object,,Object,,,Jackson State University. (electronic version); JSUMS ART. (electronic version),,"Initial public-facing scaffold record created for JA-2023-01. Object-specific title, materials, and historical context should be refined after direct object study and catalog review.",IN COPYRIGHT; http://rightsstatements.org/vocab/InC/1.0/,All rights reserved. Reproduction or redistribution requires written permission from Jackson State University.,Jackson State University.,Jackson State University African Art Collection.,JSU permanent collection,JSUMS ART.,"African Art, Jackson State University.",426437,.png,1000,1000,,,,,,,Provisional scaffold for JA-2023-01; update after direct object study.,,,,JSU_africanart_JA202301.png,Luba,,Democratic Republic of the Congo,,Carved wood,Carving,Figure,,,,,Seated figure,,,,,,-2.8797,23.6560,image/png
coll190,JA-2023-02,,Standing female figure,,,,"This carved Rega figure is defined by an elongated torso, rounded lower forms, and a pale facial surface that draws attention to the head. Its strong vertical emphasis and abbreviated anatomy suggest a figural work made for display, teaching, or ceremonial use, with fuller research still underway.",,,,,,teaching collection; object-based learning; collection study; cataloging,,Democratic Republic of the Congo,Physical Object,,Object,,,Jackson State University. (electronic version); JSUMS ART. (electronic version),,"Initial public-facing scaffold record created for JA-2023-02. Object-specific title, materials, and historical context should be refined after direct object study and catalog review.",IN COPYRIGHT; http://rightsstatements.org/vocab/InC/1.0/,All rights reserved. Reproduction or redistribution requires written permission from Jackson State University.,Jackson State University.,Jackson State University African Art Collection.,JSU permanent collection,JSUMS ART.,"African Art, Jackson State University.",362253,.png,1000,1000,,,,,,,Provisional scaffold for JA-2023-02; update after direct object study.,,,,JSU_africanart_JA202302.png,Rega,,Democratic Republic of the Congo,,Carved wood; pigment,Carving; surface application,Figure,,,,,Standing figure,,,,,,-2.8797,23.6560,image/png
coll191,JA-2023-03,,Oval mask,,,,"This Rega mask has an elongated oval face, narrow eyes, and a restrained expression. Its simplified geometry and balanced proportions suggest an object intended for performance, while more precise cataloging of its role, history, and community use continues.",,,,,,teaching collection; object-based learning; collection study; cataloging,,Democratic Republic of the Congo,Physical Object,,Object,,,Jackson State University. (electronic version); JSUMS ART. (electronic version),,"Initial public-facing scaffold record created for JA-2023-03. Object-specific title, materials, and historical context should be refined after direct object study and catalog review.",IN COPYRIGHT; http://rightsstatements.org/vocab/InC/1.0/,All rights reserved. Reproduction or redistribution requires written permission from Jackson State University.,Jackson State University.,Jackson State University African Art Collection.,JSU permanent collection,JSUMS ART.,"African Art, Jackson State University.",420380,.png,1000,1000,,,,,,,Provisional scaffold for JA-2023-03; update after direct object study.,,,,JSU_africanart_JA202303.png,Rega,,Democratic Republic of the Congo,,Carved wood,Carving,Mask,,,,,Mask,,,,,,-2.8797,23.6560,image/png
coll192,JA-2023-04,,Elongated mask,,,,"This mask from the Democratic Republic of the Congo features a long tapering face, circular eye openings, and an extended lower section. Its emphatic vertical structure suggests ceremonial or performative use, pending fuller catalog research.",,,,,,teaching collection; object-based learning; collection study; cataloging,,Democratic Republic of the Congo,Physical Object,,Object,,,Jackson State University. (electronic version); JSUMS ART. (electronic version),,"Initial public-facing scaffold record created for JA-2023-04. Specific culture or community, object title, and fuller contextual notes should be refined after additional catalog review.",IN COPYRIGHT; http://rightsstatements.org/vocab/InC/1.0/,All rights reserved. Reproduction or redistribution requires written permission from Jackson State University.,Jackson State University.,Jackson State University African Art Collection.,JSU permanent collection,JSUMS ART.,"African Art, Jackson State University.",398699,.png,1000,1000,,,,,,,Provisional scaffold for JA-2023-04; update after direct object study.,,,,JSU_africanart_JA202304.png,,,Democratic Republic of the Congo,,Carved wood; pigment,Carving; surface application,Mask,,,,,Mask,,,,,,-2.8797,23.6560,image/png
coll193,JA-2023-05,,Cylindrical mask,,,,"This mask from the Democratic Republic of the Congo has a pale surface, cylindrical volume, and spare facial features that produce a striking frontal presence. Fuller research will clarify its community context, materials, and original use.",,,,,,teaching collection; object-based learning; collection study; cataloging,,Democratic Republic of the Congo,Physical Object,,Object,,,Jackson State University. (electronic version); JSUMS ART. (electronic version),,"Initial public-facing scaffold record created for JA-2023-05. Specific culture or community, object title, and fuller contextual notes should be refined after additional catalog review.",IN COPYRIGHT; http://rightsstatements.org/vocab/InC/1.0/,All rights reserved. Reproduction or redistribution requires written permission from Jackson State University.,Jackson State University.,Jackson State University African Art Collection.,JSU permanent collection,JSUMS ART.,"African Art, Jackson State University.",396015,.png,1000,1000,,,,,,,Provisional scaffold for JA-2023-05; update after direct object study.,,,,JSU_africanart_JA202305.png,,,Democratic Republic of the Congo,,Carved wood; pigment,Carving; surface application,Mask,,,,,Mask,,,,,,-2.8797,23.6560,image/png
coll194,JA-2023-06,,Standing figure,,,,"This standing figure from the Democratic Republic of the Congo is marked by a compact body, simplified limbs, and a sharply faceted head. Its abbreviated carving focuses attention on silhouette and presence while further cataloging continues.",,,,,,teaching collection; object-based learning; collection study; cataloging,,Democratic Republic of the Congo,Physical Object,,Object,,,Jackson State University. (electronic version); JSUMS ART. (electronic version),,"Initial public-facing scaffold record created for JA-2023-06. Specific culture or community, object title, and fuller contextual notes should be refined after additional catalog review.",IN COPYRIGHT; http://rightsstatements.org/vocab/InC/1.0/,All rights reserved. Reproduction or redistribution requires written permission from Jackson State University.,Jackson State University.,Jackson State University African Art Collection.,JSU permanent collection,JSUMS ART.,"African Art, Jackson State University.",297412,.png,1000,1000,,,,,,,Provisional scaffold for JA-2023-06; update after direct object study.,,,,JSU_africanart_JA202306.png,,,Democratic Republic of the Congo,,Carved wood,Carving,Figure,,,,,Standing figure,,,,,,-2.8797,23.6560,image/png
coll195,JA-2023-07,,Standing figure holding vessel,,,,"This carved Songye figure holds a rounded form at the center of the body and is distinguished by a vertically structured head and compact stance. The relationship between figure and held element suggests an object made for ritual, commemorative, or instructional significance, with fuller documentation still in progress.",,,,,,teaching collection; object-based learning; collection study; cataloging,,Democratic Republic of the Congo,Physical Object,,Object,,,Jackson State University. (electronic version); JSUMS ART. (electronic version),,"Initial public-facing scaffold record created for JA-2023-07. Object-specific title, materials, and historical context should be refined after direct object study and catalog review.",IN COPYRIGHT; http://rightsstatements.org/vocab/InC/1.0/,All rights reserved. Reproduction or redistribution requires written permission from Jackson State University.,Jackson State University.,Jackson State University African Art Collection.,JSU permanent collection,JSUMS ART.,"African Art, Jackson State University.",297323,.png,1000,1000,,,,,,,Provisional scaffold for JA-2023-07; update after direct object study.,,,,JSU_africanart_JA202307.png,Songye,,Democratic Republic of the Congo,,Carved wood,Carving,Figure,,,,,Standing figure,,,,,,-2.8797,23.6560,image/png
coll196,JA-2023-08,,Lamellophone with female figure,,,,"This Luba musical instrument combines a plank-like body and metal tongues with a female figure carved at the top. The integration of figural and sonic elements points to the close relationship between performance, memory, and visual form within the object’s original context.",,,,,,teaching collection; object-based learning; collection study; cataloging,,Democratic Republic of the Congo,Physical Object,,Object,,,Jackson State University. (electronic version); JSUMS ART. (electronic version),,"Initial public-facing scaffold record created for JA-2023-08. Object-specific title, materials, and historical context should be refined after direct object study and catalog review.",IN COPYRIGHT; http://rightsstatements.org/vocab/InC/1.0/,All rights reserved. Reproduction or redistribution requires written permission from Jackson State University.,Jackson State University.,Jackson State University African Art Collection.,JSU permanent collection,JSUMS ART.,"African Art, Jackson State University.",340478,.png,1000,1000,,,,,,,Provisional scaffold for JA-2023-08; update after direct object study.,,,,JSU_africanart_JA202308.png,Luba,,Democratic Republic of the Congo,,Wood; metal,Carving; assembly,Musical instrument,Musical performance,,,,Lamellophone,,,,,,-2.8797,23.6560,image/png
coll197,JA-2023-09,,Anthropomorphic spoon,,,,This Azande object takes the form of a spoon with an elongated handle that resolves into a human-like head and upper body. The contrast between utilitarian form and figural carving gives the object a strong sculptural identity while fuller research into its original use continues.,,,,,,teaching collection; object-based learning; collection study; cataloging,,Democratic Republic of the Congo,Physical Object,,Object,,,Jackson State University. (electronic version); JSUMS ART. (electronic version),,"Initial public-facing scaffold record created for JA-2023-09. Object-specific title, materials, and historical context should be refined after direct object study and catalog review.",IN COPYRIGHT; http://rightsstatements.org/vocab/InC/1.0/,All rights reserved. Reproduction or redistribution requires written permission from Jackson State University.,Jackson State University.,Jackson State University African Art Collection.,JSU permanent collection,JSUMS ART.,"African Art, Jackson State University.",316399,.png,1000,1000,,,,,,,Provisional scaffold for JA-2023-09; update after direct object study.,,,,JSU_africanart_JA202309.png,Azande,,Democratic Republic of the Congo,,Carved wood; shell,Carving; inlay,Spoon,Serving or display,,,,Anthropomorphic spoon,,,,,,-2.8797,23.6560,image/png
coll198,JA-2023-10,,Anthropomorphic spoon,,,,"This Tabwa object combines a spoon-like bowl with an elongated handle and a carved head at the top. Its refined proportions and figural detail suggest that practical and symbolic functions may have overlapped, pending fuller catalog research and direct object review.",,,,,,teaching collection; object-based learning; collection study; cataloging,,Democratic Republic of the Congo,Physical Object,,Object,,,Jackson State University. (electronic version); JSUMS ART. (electronic version),,"Initial public-facing scaffold record created for JA-2023-10. Object-specific title, materials, and historical context should be refined after direct object study and catalog review.",IN COPYRIGHT; http://rightsstatements.org/vocab/InC/1.0/,All rights reserved. Reproduction or redistribution requires written permission from Jackson State University.,Jackson State University.,Jackson State University African Art Collection.,JSU permanent collection,JSUMS ART.,"African Art, Jackson State University.",283689,.png,1000,1000,,,,,,,Provisional scaffold for JA-2023-10; update after direct object study.,,,,JSU_africanart_JA202310.png,Tabwa,,Democratic Republic of the Congo,,Carved wood,Carving,Spoon,Serving or display,,,,Anthropomorphic spoon,,,,,,-2.8797,23.6560,image/png
coll199,JA-2023-11,,Figural headrest,,,,"This Luba object appears to function as a headrest, with a broad upper support rising above a standing carved figure. The work joins practical structure and sculptural form, highlighting carved wood as both a functional and expressive medium.",,,,,,teaching collection; object-based learning; collection study; cataloging,,Democratic Republic of the Congo,Physical Object,,Object,,,Jackson State University. (electronic version); JSUMS ART. (electronic version),,"Initial public-facing scaffold record created for JA-2023-11. Object-specific title, materials, and historical context should be refined after direct object study and catalog review.",IN COPYRIGHT; http://rightsstatements.org/vocab/InC/1.0/,All rights reserved. Reproduction or redistribution requires written permission from Jackson State University.,Jackson State University.,Jackson State University African Art Collection.,JSU permanent collection,JSUMS ART.,"African Art, Jackson State University.",295015,.png,1000,1000,,,,,,,Provisional scaffold for JA-2023-11; update after direct object study.,,,,JSU_africanart_JA202311.png,Luba,,Democratic Republic of the Congo,,Carved wood,Carving,Headrest,Head support,,,,Headrest,,,,,,-2.8797,23.6560,image/png
coll200,JA-2023-12,,Staff with head finial,,,,"This Hemba object features a long cylindrical shaft surmounted by a carved head with an elevated crown-like element. Its vertical structure and concentrated figural carving suggest use as a staff or related emblematic object, pending fuller catalog confirmation.",,,,,,teaching collection; object-based learning; collection study; cataloging,,Democratic Republic of the Congo,Physical Object,,Object,,,Jackson State University. (electronic version); JSUMS ART. (electronic version),,"Initial public-facing scaffold record created for JA-2023-12. Object-specific title, materials, and historical context should be refined after direct object study and catalog review.",IN COPYRIGHT; http://rightsstatements.org/vocab/InC/1.0/,All rights reserved. Reproduction or redistribution requires written permission from Jackson State University.,Jackson State University.,Jackson State University African Art Collection.,JSU permanent collection,JSUMS ART.,"African Art, Jackson State University.",286849,.png,1000,1000,,,,,,,Provisional scaffold for JA-2023-12; update after direct object study.,,,,JSU_africanart_JA202312.png,Hemba,,Democratic Republic of the Congo,,Carved wood,Carving,Staff,,,,,Staff finial,,,,,,-2.8797,23.6560,image/png
coll201,JA-2023-13,,Standing male figure,,,,"This carved Bembe figure stands with bent arms and a compact body beneath a broad, geometric head. The strong silhouette and crisp facial framing give the work a commanding presence while fuller catalog research and contextual documentation continue.",,,,,,teaching collection; object-based learning; collection study; cataloging,,Democratic Republic of the Congo,Physical Object,,Object,,,Jackson State University. (electronic version); JSUMS ART. (electronic version),,"Initial public-facing scaffold record created for JA-2023-13. Object-specific title, materials, and historical context should be refined after direct object study and catalog review.",IN COPYRIGHT; http://rightsstatements.org/vocab/InC/1.0/,All rights reserved. Reproduction or redistribution requires written permission from Jackson State University.,Jackson State University.,Jackson State University African Art Collection.,JSU permanent collection,JSUMS ART.,"African Art, Jackson State University.",341976,.png,1000,1000,,,,,,,Provisional scaffold for JA-2023-13; update after direct object study.,,,,JSU_africanart_JA202313.png,Bembe,,Democratic Republic of the Congo,,Carved wood,Carving,Figure,,,,,Standing figure,,,,,,-2.8797,23.6560,image/png
